cnpj_ente,ente,uf,adesao,certificacao,nivel_inicial,renovacao,nivel,certificadora
00044834000107,Vicentinópolis,SP,2025-08-13,,,,,
00394577000125,Governo do Estado do Amapá,AP,2018-12-21,2019-10-09,II,2024-12-23,III,ICQ BRASIL
00394585000171,Governo do Estado de Rondônia,RO,2018-04-25,2019-05-14,I-IV,2024-06-17,IV,INSTITUTO TOTUM-ICQ BRASIL
00394601000126,Governo do Distrito Federal,DF,2019-06-19,2022-05-10,II,2025-05-09,IV,ICQ BRASIL-ICQ BRASIL
00699197000107,Nova União,RO,2025-10-20,,,,,
01005727000124,Aparecida de Goiânia,GO,2022-03-15,2023-08-08,II,,II,ICQ BRASIL
01105329000180,Hidrolândia,GO,2026-03-18,,,,,
01254422000156,São Francisco do Guaporé,RO,2022-05-26,2022-11-04,I,2025-10-31,II,INSTITUTO TOTUM-ICQ BRASIL
01266058000144,Buritis,RO,2022-11-23,,,,,
01367853000129,Comodoro,MT,2022-05-23,2024-07-31,I,,I,INSTITUTO TOTUM
01409580000138,Governo do Estado de Goiás,GO,2021-12-07,2022-12-11,II,2025-12-11,IV,ICQ BRASIL
01505643000150,Catalão,GO,2023-06-30,,,,,
01528506000130,Ipiguá,SP,2026-04-22,,,,,
01604139000107,Seropédica,RJ,2021-12-03,2024-01-12,I,2025-08-15,II,ICQ BRASIL-INSTITUTO TOTUM
01609497000102,Carapebus,RJ,2024-08-29,,,,,
01611213000112,Ouroeste,SP,2021-03-05,,,,,
01612092000123,Goiânia,GO,2018-12-14,2021-05-20,I,2024-05-16,II,ICQ BRASIL
01612494000128,São João da Lagoa,MG,2018-11-11,2023-09-12,I,,I,INSTITUTO TOTUM
01612509000158,Sarzedo,MG,2019-02-27,2021-12-03,I,2024-11-08,II,INSTITUTO TOTUM
01612525000140,Buriticupu,MA,2025-06-12,,,,,
01612560000160,Belém do Piauí,PI,2025-05-26,,,,,
01612573000139,Cajazeiras do Piauí,PI,2025-05-23,,,,,
01612582000120,Juazeiro do Piauí,PI,2025-04-29,,,,,
01612585000163,Jurema,PI,2025-05-26,,,,,
01612596000143,Murici das Portelas,PI,2025-05-26,,,,,
01612603000107,Santo Antônio dos Milagres,PI,2025-06-26,,,,,
01612614000197,Vila Nova do Piauí,PI,2025-05-26,,,,,
01612618000175,Caxingó,PI,2025-04-29,,,,,
01612805000159,Sebastião Barros,PI,2025-05-26,,,,,
01612848000134,Fernão,SP,2024-04-17,2025-05-13,I,,I,INSTITUTO TOTUM
01612981000190,Pinheiral,RJ,2024-05-23,2025-12-19,I,,I,INSTITUTO TOTUM
01613860000163,Araçoiaba,PE,2025-06-24,,,,,
01614414000173,São José do Ubá,SP,2025-05-22,,,,,
01614519000122,Nova Lacerda,MT,2022-09-20,,,,,
01615784000125,Poço de José de Moura,PB,2026-07-24,,,,,
01615882000162,Iguaba Grande,RJ,2022-11-04,2023-06-13,I,2024-12-27,II,ICQ BRASIL
01616171000102,Armação dos Búzios,RJ,2024-02-07,2023-12-07,I,,I,FUNDAÇÃO VANZOLINI
01616255000146,Guamiranga,PR,2026-08-27,,,,,
01616319000109,Valparaíso de Goiás,GO,2024-05-23,,,,,
01616520000196,Águas Lindas de Goiás,GO,2026-07-13,2026-08-18,I,,I,ICQ BRASIL
01618704000195,Casinhas,PE,2025-09-26,,,,,
01619323000120,Fernandes Pinheiro,PR,2026-05-18,,,,,
01786029000103,Governo do Estado do Tocantins,TO,2019-10-25,2022-06-14,II,2025-09-19,II,ICQ BRASIL
01830793000139,Araguaína,TO,2024-10-07,,,,,
01974088000105,Primavera do Leste,MT,2024-09-10,,,,,
02056711000103,Santa Helena de Goiás,GO,2018-12-11,2020-03-13,I,2023-03-22,II,ICQ BRASIL
02056729000105,Rio Verde,GO,2025-04-29,,,,,
02218683000183,Acreúna,GO,2022-08-25,,,,,
02391654000119,São Miguel do Araguaia,GO,2026-05-18,,,,,
02451938000153,Itaberaí,GO,2025-05-12,,,,,
02542538000153,Carmo do Rio Verde,GO,2025-09-26,,,,,
03155934000190,Naviraí,MS,2018-06-06,2019-03-21,I,2024-10-22,II,ICQ BRASIL
03173317000118,Nova Andradina,MS,2021-03-02,2022-02-09,II,2025-02-22,II,ICQ BRASIL-INTITUTO TOTUM
03180924000105,Rosário Oeste,MT,2022-09-20,,,,,
03214145000183,Cáceres,MT,2018-07-20,2019-10-28,I,2025-12-19,II,INSTITUTO TOTUM
03238888000193,Novo Horizonte do Norte,MT,2022-09-20,,,,,
03238912000194,Canaã do Norte,MT,2026-02-27,,,,,
03238961000127,Itaúba,MT,2026-03-18,,,,,
03239019000183,Guarantã do Norte,MT,2025-06-12,,,,,
03239043000112,Paranaíta,MT,2026-06-23,,,,,
03239076000162,Sorriso,MT,2025-07-09,,,,,
03330461000110,Corumbá,MS,2022-02-22,2025-02-14,I,,I,INSTITUTO TOTUM
03347101000121,Rondonópolis,MT,2026-03-18,,,,,
03370251000156,Itiquira,MT,2025-09-04,,,,,
03424272000107,Nobres,MT,2021-10-20,2024-10-07,I,,I,ICV BRASIL
03425170000106,Nortelândia,MT,2026-08-13,,,,,
03439239000150,Barra do Garças,MT,2026-05-18,,,,,
03442597000112,Maracaju,MS,2019-12-05,2020-12-04,I,2023-11-28,II,ICQ BRASIL
03452299000103,Aquidauana,MS,2019-12-20,2021-10-22,I,2025-01-15,II,ICQ BRASIL-INSTITUTO TOTUM
03501509000106,Campo Grande,MS,2022-04-05,2023-08-25,II,2026-08-20,II,ICQ BRASIL
03501574000131,Sidrolândia,MS,2024-02-07,,,,,
03503646000180,Torixoréu,MT,2022-11-04,,,,,
03507415000144,Governo do Estado do Mato Grosso,MT,2020-09-25,2021-12-17,III,2024-10-30,IV,ICQ BRASIL
03507522000172,Barra do Bugres,MT,2023-01-24,,,,,
03507530000119,Chapada dos Guimarães,MT,2022-09-20,,,,,
03507548000110,Varzea Grande,MT,2025-06-12,2025-08-30,I,,I,INSTITUTO TOTUM
03507555000112,Santo Antônio do Leverger,MT,2022-08-15,,,,,
03507563000169,Barão de Melgaço,MT,2022-10-25,,,,,
03533064000146,Cuiabá,MT,2018-08-22,2019-02-22,II-II,2025-07-17,II,ICQ BRASIL
03568433000136,Amambaí,MS,2026-08-27,,,,,
03575875000100,Ivinhema,MS,2026-05-18,,,,,
03681582000107,Rio Brilhante,MS,2022-08-11,2022-08-30,I,2024-06-18,II,ICQ BRASIL
03741683000126,Mundo Novo,MS,2021-12-02,,,,,
03747649000169,Angélica,MS,2024-08-22,2024-04-24,I,,I,ICQ BRASIL
03755477000175,Mirassol d'Oeste,MT,2025-11-04,2026-01-12,I,,I,ICQ BRASIL
03788239000166,Tangará da Serra,MT,2024-06-10,,,,,
03889011000162,Sete Quedas,MS,2024-03-01,2024-07-17,I,,I,INSTITUTO TOTUM
03918869000108,São Félix do Araguaia,MT,2026-09-14,,,,,
04011805000191,Tabatinga,AM,2026-01-20,,,,,
04034583000122,Rio Branco,AC,2018-05-04,2020-02-14,I-I,2026-04-30,II,INSTITUTO TOTUM-ICQ BRASIL
04092672000125,Ji-Paraná,RO,2022-12-08,,,,,
04092706000181,Vilhena,RO,2026-08-25,,,,,
04104816000116,Ariquemes,RO,2026-09-14,,,,,
04132090000125,Mesquita,RJ,2022-04-05,2023-09-26,I,,I,ICQ BRASIL
04205596000117,Santa Rita do Trivelato,MT,2022-09-23,,,,,
04219099000178,Pedras Altas,RS,2023-12-12,,,,,
04279238000159,Jaru,RO,2023-03-31,2024-11-08,I,,I,INSTITUTO TOTUM
04312369000190,Governo do Estado do Amazonas,AM,2019-03-11,2020-01-09,II-III,2025-11-14,I,ICQ BRASIL
04365326000173,Manaus,AM,2018-05-02,2019-04-30,III-IV,2026-08-28,IV,ICQ BRASIL/INSTITUTO TOTUM
04380507000179,Ouro Preto do Oeste,RO,2023-05-26,2025-09-19,II,,II,ICQ BRASIL
04394805000118,Rolim de Moura,RO,2023-06-12,2025-02-20,I,,I,ICQ BRASIL
04628533000173,Iranduba,AM,2026-08-12,,,,,
04695284000139,Espigão do Oeste,RO,2020-08-10,2024-03-04,I,,I,INSTITUTO TOTUM
05054861000176,Governo do Estado do Pará,PA,2019-04-26,2022-02-01,II,2026-06-02,IV,ICQ BRASIL
05055009000113,Belém,PA,2022-04-04,2024-03-24,II,,II,INSTITUTO TOTUM
05127965000163,Machadinho D'Oeste,RO,2021-12-02,2024-09-27,I,,I,ICQ BRASIL
05193057000178,Paragominas,PA,2019-02-27,2020-11-26,I,2024-10-17,II,ICQ BRASIL/ICV BRASIL
05853163000130,Marabá,PA,2019-06-24,2023-02-16,I,2025-02-08,II,ICQ BRASIL
05903125000145,Porto Velho,RO,2026-05-04,2026-05-25,II,,II,ICQ BRASIL
05943030000155,Boa Vista,RR,2020-08-13,2021-10-18,I,2026-02-23,II,ICQ BRASIL
05986427000124,Mazagão,AP,2025-05-22,,,,,
05995766000177,Macapá,AP,2025-05-22,,,,,
06003636000173,Paço do Lumiar,MA,2023-12-20,,,,,
06115117000105,Parnarama,MA,2026-03-26,,,,,
06307102000130,São Luís,MA,2020-07-15,2022-01-07,I,2025-05-05,II,ICQ BRASIL
06323208000128,Igarape Grande,MA,2026-08-12,,,,,
06351514000178,São José de Ribamar,MA,2023-01-05,,,,,
06553481000149,Governo do Estado do Piauí,PI,2024-11-18,,,,,
06553655000173,São João do Piauí,PI,2025-04-29,,,,,
06553713000169,Francisco Santos,PI,2025-05-26,,,,,
06553762000100,Jaicós,PI,2025-05-26,,,,,
06553796000196,Paulistana,PI,2025-05-26,,,,,
06553804000102,Picos,PI,2025-05-26,,,,,
06553879000185,Capitão de Campos,PI,2025-05-26,,,,,
06553994000150,São Francisco do Piauí,PI,2025-04-09,,,,,
06554018000111,Antônio Almeida,PI,2025-05-26,,,,,
06554059000108,Eliseu Martins,PI,2025-05-26,,,,,
06554067000154,Floriano,PI,2025-05-26,,,,,
06554117000101,Landri Sales,PI,2025-05-26,,,,,
06554174000182,Esperantina,PI,2025-05-12,,,,,
06554182000129,Matias Olimpo,PI,2025-04-29,,,,,
06554208000139,Joaquim Pires,PI,2025-04-29,,,,,
06554257000171,Corrente,PI,2025-05-26,,,,,
06554299000102,Cristalândia do Piauí,PI,2025-05-26,,,,,
06554380000192,Redenção de Gurgueia,PI,2025-05-26,,,,,
06554430000131,Parnaiba,PI,2025-05-26,,,,,
06554448000133,Luis Correia,PI,2025-05-26,,,,,
06554455000135,Buriti dos Lopes,PI,2025-04-29,,,,,
06554752000180,Angical do Piauí,PI,2025-05-26,,,,,
06554760000127,Água Branca,PI,2025-05-26,,,,,
06554786000175,josé de Freitas,PI,2025-05-26,,,,,
06554828000178,São Gonçalo do Piauí,PI,2025-05-26,,,,,
06554836000114,Novo Oriente do Piauí,PI,2025-05-26,,,,,
06554869000164,Teresina,PI,2022-11-10,2023-01-20,I,2024-11-01,III,INSTITUTO TOTUM
06554885000157,Demerval Lobão,PI,2025-05-26,,,,,
06554893000101,Pimenteiras,PI,2025-05-26,,,,,
06554927000150,Hugo Napoleão,PI,2025-05-26,,,,,
06554943000142,Regeneração,PI,2025-05-26,,,,,
06554976000192,Agricolândia,PI,2025-05-26,,,,,
06554984000139,Araozes,PI,2025-05-26,,,,,
06582449000191,Amontada,CE,2026-04-22,,,,,
06738132000100,Caririaçu,CE,2022-04-26,2022-12-29,I,2026-01-15,II,ICQ BRASIL/INSTITUTO TOTUM
07000268000172,Açailândia,MA,2025-10-14,2025-12-09,II,,II,ICQ BRASIL
07384407000109,Pacajus,CE,2025-09-26,,,,,
07528292000189,Beberibe,CE,2022-10-27,2023-10-24,I,,I,INSTITUTO TOTUM
07533656000119,São Gonçalo do Amarante,CE,2023-05-10,2025-10-31,II,,II,ICV BRASIL
07535446000160,Russas,CE,2026-08-12,,,,,
07536444000195,Nova Olinda,CE,2026-09-14,,,,,
07605850000162,Maracanau,CE,2024-02-26,,,,,
07616162000106,Caucaia,CE,2022-12-08,,,,,
07623077000167,Itapipoca,CE,2022-04-26,,,,,
07655277000100,Milagres,CE,2022-04-26,2023-04-18,I,,vencida,ICQ BRASIL
07679723000108,Ipu,CE,2023-09-25,,,,,
07683188000169,Irauçuba,CE,2021-09-14,2022-04-07,I,2025-03-11,II,ICQ BRASIL
07683956000184,Itapajé,CE,2024-08-06,,,,,
07725138000105,Santa Quitéria,CE,2023-08-01,,,,,
07733256000157,Solonópole,CE,2023-03-06,,,,,
07847379000119,Acopiara,CE,2023-09-04,,,,,
07849532000147,Tauá,CE,2023-03-28,2024-01-20,I,,I,INSTITUTO TOTUM
07910755000172,Pacoti,CE,2022-11-24,,,,,
07954480000179,Governo do Estado do Ceará,CE,2024-03-08,,,,,
07963259000187,Canindé,CE,2021-02-18,2023-12-19,I,,I,ICQ BRASIL
07974082000114,Juazeiro do Norte,CE,2018-05-29,2019-10-11,II,2023-05-19,III,FUNDAÇÃO VANZOLINI
08004061000139,Ceará-Mirim,RN,2025-06-04,2026-02-10,I,,I,INSTITUTO TOTUM
08086662000138,Jardim do Seridó,RN,2026-02-06,2026-01-31,II,,II,INSTITUTO TOTUM
08095283000104,Jucurutu,RN,2026-02-11,,,,,
08144982000105,Passa e Fica,RN,2023-12-20,2025-07-14,I,,I,INSTITUTO TOTUM
08204497000171,Extremoz,RN,2025-10-14,,,,,
08234148000100,Macaíba,RN,2022-10-21,,,,,
08241747000143,Natal,RN,2023-10-24,,,,,
08348971000139,Mossoró,RN,2024-07-25,,,,,
08355489000126,Doutor Severiano,RN,2024-09-11,,,,,
08357667000158,Tenente Ananias,RN,2026-08-12,,,,,
08365900000144,Monte Alegre,RN,2026-03-18,,,,,
08732174000150,Cuité,PB,2026-04-22,,,,,
08742264000122,Queimadas,PB,2024-12-17,,,,,
08761124000100,Governo do Estado da Paraíba,PB,2020-08-26,2023-07-25,I-III,2026-06-19,IV,INSTITUTO TOTUM/ICV BRASIL-ICV BRASIL
08778326000156,João Pessoa,PB,2019-04-23,2019-10-03,II-III,2025-12-17,III,INSTITUTO TOTUM/ICQ BRASIL
08789299000117,Piripituba,PB,2025-02-14,,,,,
08865644000154,Caaporã,PB,2024-09-11,2026-01-26,acesso,,Acesso,INSTITUTO TOTUM
08916645000180,Conde,PB,2026-04-22,,,,,
08917106000166,Mari,PB,2025-03-24,,,,,
08919425000100,Soledade,PB,2026-03-26,,,,,
08924813000180,Lucena,PB,2025-06-24,,,,,
08993917000146,Campina Grande,PB,2024-08-12,,,,,
09012493000154,Cabedelo,PB,2018-04-19,2018-12-28,II,2024-11-27,III,ICQ BRASIL-ICV BRASIL
09048976000109,Remigio,PB,2026-09-21,,,,,
10091494000110,Agrestina,PE,2026-03-24,2026-03-30,I,,I,ICQ BRASIL
10091502000129,Altinho,PE,2022-12-19,,,,,
10091536000113,Caruaru,PE,2023-01-05,2024-07-18,I,,I,INSTITUTO TOTUM
10091544000160,Jataúba,PE,2023-06-27,,,,,
10091569000163,Santa Cruz do Capibaribe,PE,2024-08-22,,,,,
10091619000102,Cachoeirinha,PE,2022-02-07,2024-05-17,I,,I,INSTITUTO TOTUM
10111631000131,São José da Coroa Grande,PE,2023-01-05,,,,,
10114502000105,Itacuruba,PE,2019-07-10,2020-06-26,I,2025-12-31,I,INSTITUTO TOTUM
10120962000138,Barra de Guabiraba,PE,2023-05-24,,,,,
10131720000140,Caetés,PE,2026-09-14,,,,,
10150043000107,Goiana,PE,2026-03-18,,,,,
10150068000100,Condado,PE,2022-08-08,,,,,
10150076000157,Itaquitinga,PE,2022-09-21,,,,,
10164028000118,Aliança,PE,2023-03-08,,,,,
10165165000177,Buenos Aires,PE,2023-03-31,,,,,
10168235000140,Vicência,PE,2022-08-05,,,,,
10215176000114,Panelas,PE,2022-12-22,2025-05-13,I,,I,INSTITUTO TOTUM
10260222000105,Belo Jardim,PE,2021-12-30,2026-02-24,I,,I,INSTITUTO TOTUM
10264406000135,Pesqueira,PE,2022-04-26,,,,,
10273548000169,Cortês,PE,2023-01-05,,,,,
10293074000117,Bom Jardim,PE,2025-06-03,,,,,
10358174000184,Afrânio,PE,2023-12-20,,,,,
10358190000177,Petrolina,PE,2024-04-19,2024-12-27,II,,II,ICQ BRASIL
10377679000196,Jaboatão dos Guararapes,PE,2020-09-28,2023-09-19,II,,II,ICQ BRASIL
10380608000142,Paraipaba,CE,2023-10-23,,,,,
10404184000109,Olinda,PE,2025-02-03,,,,,
10408839000117,Paulista,PE,2026-07-16,,,,,
10565000000192,Recife,PE,2018-03-07,2019-04-08,III-III,2025-06-11,III,FUNDAÇÃO VANZOLINI/ICQ BRASIL
10571982000125,Governo do Estado de Pernambuco,PE,2018-11-14,2019-09-25,II-III,2025-10-24,IV,FUNDAÇÃO VANZOLINI-ICQ BRASIL
11049822000183,Moreno,PE,2022-04-07,2024-09-24,I,,I,INSTITUTO TOTUM
11049830000120,Gravatá,PE,2022-12-07,2025-08-25,I,,I,INSTITUTO TOTUM
11049848000121,Pombos,PE,2023-08-10,,,,,
11049855000123,Vitória de Santo Antão,PE,2026-08-25,,,,,
11097243000106,Feira Nova,PE,2023-01-05,2025-11-11,I,,I,INSTITUTO TOTUM
11097292000149,Limoeiro,PE,2023-08-01,,,,,
11097359000145,João Alfredo,PE,2025-02-03,2025-07-02,I,,I,INTITUTO TOTUM
11097367000191,Salgadinho,PE,2026-01-20,,,,,
11097375000138,Machados,PE,2026-08-25,,,,,
11097391000120,Cumaru,PE,2026-09-21,,,,,
11251832000105,São Lourenço da Mata,PE,2023-04-19,,,,,
11286341000191,Águas Belas,PE,2023-07-18,,,,,
11286374000131,Iati,PE,2022-12-14,,,,,
11294386000108,Ipojuca,PE,2020-12-07,2021-11-18,II,2026-07-29,II,ICQ BRASIL-INSTITUTO TOTUM
11294402000162,Cabo de Santo Agostinho,PE,2020-07-14,2020-12-04,I,2024-12-19,II,ICQ BRASIL/INSTITUTO TOTUM
11303906000100,Garanhuns,PE,2025-08-21,,,,,
11343910000193,Ribeirão,PE,2026-05-18,,,,,
11350659000194,Triunfo,PE,2022-09-23,2024-03-26,I,,I,INSTITUTO TOTUM
11361896000150,São Vicente Ferrer,PE,2024-08-22,,,,,
11455714000100,Saloá,PE,2026-08-12,,,,,
12200135000180,Maceió,AL,2022-10-18,,,,,
12200176000176,Governo do Estado de Alagoas,AL,2018-04-20,2018-10-11,II,2024-12-04,IV,ICQ BRASIL
12200283000102,Messias,AL,2026-08-12,,,,,
12225546000120,Piranhas,AL,2022-11-01,,,,,
12226205000179,Mata Grande,AL,2023-09-12,,,,,
12227971000158,Cacimbinhas,AL,2024-12-17,,,,,
12237038000161,Minador do Negrão,AL,2023-01-05,,,,,
12243697000100,Penedo,AL,2023-05-04,2026-02-06,I,,I,INSTITUTO TOTUM
12248100000110,Jundiá,AL,2023-01-05,,,,,
12248522000196,Maragogi,AL,2022-12-22,,,,,
12248878000120,Novo Lino,AL,2022-12-22,,,,,
12250056000183,Batalha,AL,2023-07-24,,,,,
12251468000138,Olho d'Água das Flores,AL,2023-05-16,2025-10-29,I,,I,INSTITUTO TOTUM
12261228000114,São Jose da Tapera,AL,2025-09-26,,,,,
12264230000147,Coruripe,AL,2025-10-02,,,,,
12264396000163,Boca da Mata,AL,2023-01-05,,,,,
12333761000144,Mar Vermelho,AL,2023-09-04,,,,,
12421137000107,Senador Rui Palmeira,AL,2023-05-16,,,,,
12459616000104,Ocara,CE,2024-01-23,,,,,
13128780000100,Aracaju,SE,2022-07-06,2023-12-19,I,,I,ICQ BRASIL
13128798000101,Governo do Estado de Sergipe,SE,2018-03-26,2018-12-04,I-III,2024-11-14,IV,ICQ BRASIL
13717517000148,Morro do Chapéu,BA,2024-03-20,,,,,
13915632000127,Juazeiro,BA,2026-01-26,,,,,
13922588000182,Ibicoara,BA,2026-06-23,,,,,
13927801000149,Salvador,BA,2021-05-28,2022-02-24,III,2024-08-09,IV,ICQ BRASIL
13937032000160,Governo do Estado da Bahia,BA,2026-02-26,,,,,
14109763000180,Camaçari,BA,2019-09-04,2020-12-04,II,2024-05-08,III,ICQ BRASIL
14197586000130,Jacobina,BA,2021-10-05,2023-10-24,II,,II,INSTITUTO TOTUM
15023898000190,Água Boa,MT,2026-07-16,,,,,
15023906000107,Alta Floresta,MT,2025-06-12,,,,,
15023922000191,Canarana,MT,2022-10-26,,,,,
15023930000138,Colider,MT,2026-01-26,,,,,
15023971000124,Paranatinga,MT,2026-08-12,,,,,
15024003000132,Sinop,MT,2022-04-26,2022-12-14,II,2025-12-04,IV,ICQ BRASIL
15024029000180,São Jose dos Quatro Marcos,MT,2026-03-18,,,,,
15024045000173,Nova Xavantina,MT,2026-09-22,,,,,
15389588000194,São Gabriel do Oeste,MS,2022-07-06,2024-10-11,I,,I,INSTITUTO TOTUM
15389596000130,Costa Rica,MS,2025-05-22,,,,,
15412257000128,Governo do Estado do Mato Grosso do Sul,MS,2019-10-30,2024-07-25,II,,II,INSTUTITO TOTUM
15845340000190,Alvorada d'Oeste,RO,2024-12-17,,,,,
15884109000106,Nova Brasilândia d'Oeste,RO,2023-07-18,2023-07-21,I,,I,ICQ BRASIL
16417784000198,Serra do Ramalho,BA,2026-01-20,,,,,
16752446000102,Congonhas,MG,2023-12-20,2023-12-04,II,,II,INSTITUTO TOTUM
16854531000181,Oliveira,MG,2018-12-11,2022-09-14,II,2025-11-01,II,INSTITUTO TOTUM
16870974000166,Santo Antônio do Monte,MG,2022-06-23,,,,,
17695008000112,Três Marias,MG,2018-12-19,2021-09-03,II,2025-02-07,II,ICQ BRASIL
17709197000135,Além Paraiba,MG,2026-02-11,,,,,
17749896000109,São João Del Rei,MG,2025-05-19,,,,,
17749912000163,Resende Costa,MG,2022-05-30,,,,,
17754136000190,Diamantina,MG,2022-04-28,,,,,
18017426000113,Capitão Enéas,MG,2024-09-10,,,,,
18017442000106,Brasilia de Minas,GO,2026-08-26,,,,,
18025890000151,Brasópolis,MG,2022-06-06,2024-01-16,I,,I,INSTITUTO TOTUM
18025932000154,Gonçalves,MG,2019-01-28,2023-12-12,I,,I,ICQ BRASIL
18114249000193,Caparaó,MG,2023-05-26,,,,,
18114264000131,Espera Feliz,MG,2023-05-25,2026-05-20,I,,I,INSTITUTO TOTUM
18116160000166,Paraopeba,MG,2019-01-28,2020-06-30,I,2024-04-15,I,INSTITUTO TOTUM
18132449000179,Viçosa,MG,2021-09-27,2024-07-04,I,,I,INSTITUTO TOTUM
18137943000126,Guiricema,MG,2022-01-11,,,,,
18140756000100,Araxá,MG,2025-08-21,2026-07-10,II,,II,ICQ BRASIL
18239590000175,Boa Esperança,MG,2022-04-05,2024-04-02,I,2026-04-06,II,INSTITUTO TOTUM-ICQ BRASIL
18240119000105,Varginha,MG,2018-03-06,2019-05-30,II-II,2025-05-30,II,FUNDAÇÃO VANZOLINI-ICQ BRASIL
18242784000120,Machado,MG,2026-03-18,,,,,
18244376000107,Lavras,MG,2022-08-30,2024-07-11,I,,I,ICV BRASIL
18278051000145,Paracatu,MG,2025-12-15,2026-09-03,II,,II,ICQ BRASIL
18279059000126,Vazea da Palma,MG,2025-07-03,,,,,
18279067000172,Buritizeiro,MG,2022-08-08,,,,,
18291351000164,Divinópolis,MG,2018-03-02,2021-02-12,II,2024-03-06,II,INSTITUTO TOTUM
18291377000102,Carmo do Cajuru,MG,2020-11-04,2023-10-24,I,,I,INSTITUTO TOTUM
18295303000144,Mariana,MG,2020-09-10,2021-02-26,II,2024-07-11,III,INSTITUTO TOTUM/ICV BRASIL
18301002000186,Bom Despacho,MG,2025-08-19,2025-08-25,I,,I,INSTITUTO TOTUM
18307439000127,Guanhães,MG,2018-11-14,2019-07-13,I-I,2025-07-22,III,ICQ BRASIL
18313817000185,Pará de Minas,MG,2023-01-06,2024-03-08,I,,I,INSTITUTO TOTUM
18313825000121,Igaratinga,MG,2026-09-22,,,,,
18338178000102,Juiz de Fora,MG,2023-12-29,,,,,
18404780000109,Teófilo Otoni,MG,2019-05-02,2021-02-26,II,2024-02-26,III,ICQ BRASIL
18404905000192,Campanário,MG,2023-05-24,2026-03-17,I,,I,INSTITUTO TOTUM
18428839000190,Uberaba,MG,2024-10-18,2024-12-30,II,,II,INSTITUTO TOTUM
18431312000115,Uberlândia,MG,2022-08-08,2024-03-20,I,,I,INSTITUTO TOTUM
18457226000181,Santa vitória,MG,2021-12-22,,,,,
18468033000126,Patrocínio,MG,2022-06-06,2023-03-16,I,2026-04-17,II,INSTITUTO TOTUM
18602011000107,Patos de Minas,MG,2022-05-10,,,,,
18675975000185,Cambuí,MG,2022-01-28,,,,,
18675983000121,Pouso Alegre,MG,2019-01-24,2020-12-02,I-II,2025-12-17,II,ICQ BRASIL
18677591000100,Extrema,MG,2021-09-24,2022-09-27,I,2024-05-16,II,INSTITUTO TOTUM
18677625000158,Itapeva,MG,2022-05-26,,,,,
18712133000156,Heliodora,MG,2026-03-18,,,,,
18715383000140,Belo Horizonte,MG,2021-03-16,2022-03-31,II,2024-12-19,III,ICQ BRASIL/ICV BRASIL
18715441000135,Sabará,MG,2026-08-25,,,,,
18715615000160,Governo do Estado de Minas Gerais,MG,2023-05-25,,,,,
19279827000104,Carangola,MG,2023-10-30,,,,,
20622890000180,Governador Valadares,MG,2024-10-21,2026-09-04,I,,I,ICV BRASIL
21154174000189,Carbonita,MG,2025-12-16,,,,,
22678874000135,Montes Claros,MG,2024-04-08,2025-07-24,II,2026-07-29,IV,INSTITUTO TOTUM-ICQ BRASIL
22681423000157,Francisco Sá,MG,2018-10-31,2021-11-10,I,2025-07-15,II,INSTITUTO TOTUM
22855167000177,São Miguel do Guaporé,RO,2023-03-14,,,,,
22855183000160,Nova Mamoré,RO,2022-11-23,,,,,
23066640000108,Santana,AP,2023-08-01,,,,,
23555196000186,Horizonte,CE,2026-07-13,,,,,
23563067000130,Eusébio,CE,2020-07-17,2024-12-30,I,,I,INSTITUTO TOTUM
24301475000186,Santa Cruz,PE,2022-01-28,,,,,
24616187000110,Dois Irmãos do Buriti,MS,2024-08-29,,,,,
24740268000128,Porto Estrela,MT,2023-01-24,,,,,
24772113000173,Ribeirão Cascalheira,MT,2026-08-25,,,,,
24772162000106,Nova Mutum,MT,2018-10-29,2019-12-10,I-II,2026-06-16,II,INSTITUTO TOTUM-ICQ BRASIL
24772188000154,Matupá,MT,2026-07-13,,,,,
24772246000140,Lucas do Rio Verde,MT,2018-02-16,2018-10-05,I-II-II,2025-12-23,II,ICQ BRASIL
24772287000136,Campo Novo do Parecis,MT,2024-08-22,,,,,
24851511000185,Palmas,TO,2025-02-05,,,,,
24859332000194,Chapadão do Ceu,GO,2025-04-09,,,,,
24950461000193,Juruena,MT,2022-11-04,,,,,
24950495000188,Campo Verde,MT,2024-12-17,2026-08-28,II,,II,ICQ BRASIL
25107525000151,Senador Canedo,GO,2023-05-10,2023-10-03,I,2025-03-07,II,ICQ BRASIL
27080530000143,Governo do Estado do Espírito Santo,ES,2024-09-17,2025-11-15,II,,II,ICQ BRASIL
27142058000126,Vitória,ES,2018-07-04,2019-02-18,II,2026-06-19,III,ICQ BRASIL-ICVBRASIL
27142694000158,Anchieta,ES,2026-05-18,,,,,
27142702000166,Aracruz,ES,2023-06-27,2025-07-17,I,2025-07-02,II,ICQ BRASIL
27150549000119,Cariacica,ES,2018-10-10,2019-05-10,III-III,2025-07-02,III,ICQ BRASIL-ICV BRASIL
27150556000110,Domingos Martins,ES,2024-12-17,,,,,
27165190000153,Guarapari,ES,2026-05-22,,,,,
27165521000155,Santa Leopoldina,ES,2024-08-22,,,,,
27165547000101,Viana,ES,2026-01-20,,,,,
27165554000103,Vila Velha,ES,2021-03-10,2022-02-22,I,2025-01-28,II,ICQ BRASIL/INSTITUTO TOTUM
27165588000190,Cachoeiro de Itapemirim,ES,2019-03-12,2020-01-21,II-II,2026-01-16,II,INSTITUTO TOTUM-ICV BRASIL
27165646000185,Iconha,ES,2026-06-23,,,,,
27165653000187,Jerônimo Monteiro,ES,2025-07-16,,,,,
27167402000131,São José do Calçado,ES,2021-08-16,2022-05-13,I,2025-06-26,I,INSTITUTO TOTUM
27167410000188,Linhares,ES,2018-12-21,2020-09-01,I,2023-12-01,II,INSTITUTO TOTUM/VANZOLINI
27174077000134,Conceição da Barra,ES,2025-07-29,,,,,
27174093000127,Serra,ES,2022-10-03,2023-03-20,II,2026-01-16,II,FUNDAÇÃO VANZOLINI-ICQ BRASIL
27744143000164,Rio bananal,ES,2026-04-30,,,,,
27792373000107,Arraial do Cabo,RJ,2025-02-24,,,,,
28521748000159,Niterói,RJ,2023-12-12,2025-09-03,II,,II,INSTITUTO TOTUM
28531762000133,Araruama,RJ,2020-02-26,2021-09-29,II,2024-09-08,II,ICQ BRASIL
28539872000141,Pedro Canário,ES,2021-02-11,2025-03-25,II,,II,ICQ BRASIL
28549483000105,Cabo Frio,RJ,2025-05-12,,,,,
28564177000130,Duas Barras,RJ,2022-08-09,2023-05-30,I,2026-03-02,II,INSTITUTO TOTUM-ICQ BRASIL
28576080000147,Barra do Piraí,RJ,2024-04-17,,,,,
28580694000100,Mendes,RJ,2024-05-23,2025-07-01,I,,I,ICQ BRASIL
28614865000167,Cordeiro,RJ,2025-02-03,,,,,
28615557000156,Itaocara,RJ,2025-03-12,2026-05-12,I,,I,ICQ BRASIL
28636579000100,São Gonçalo,RJ,2023-12-23,2026-01-21,II,,II,ICQ BRASIL
28645794000160,Cantagalo,RJ,2019-04-11,2021-12-28,I,2025-01-20,I,ICQ BRASIL
28695658000184,Barra Mansa,RJ,2024-11-08,,,,,
28741098000157,Silva Jardim,RJ,2021-02-25,2022-03-25,I,2025-04-11,II,FUNDAÇÃO VANZOLINI-ICQ BRASIL
28909604000174,São Pedro da Aldeia,RJ,2021-04-22,2022-01-11,I,2023-12-20,II,INSTITUTO TOTUM/ICQ BRASIL
28919637000103,Laje de Muriaé,RJ,2025-08-13,,,,,
29051216000168,Rio Claro,RJ,2024-07-08,2025-12-02,I,,I,ICQ BRASIL
29114139000148,Santo Antônio de Pádua,RJ,2022-06-07,2022-06-22,I,2023-10-31,II,ICQ BRASIL
29115458000178,Casimiro de Abreu,RJ,2023-06-02,2023-04-27,II,2026-05-06,II,ICQ BRASIL
29115474000160,Macaé,RJ,2021-07-13,2021-11-26,I,2024-11-05,II,FUNDAÇÃO VANZOLINI-ICQ BRASIL
29116894000161,Campos dos Goytacazes,RJ,2026-06-23,,,,,
29128741000134,Carmo,RJ,2024-09-24,,,,,
29131075000193,Maricá,RJ,2020-03-12,2022-11-11,I,2023-12-15,II,ICQ BRASIL
29138278000101,Nova Iguaçu,RJ,2018-05-29,2019-08-20,II,2025-07-25,III,ICQ BRASIL
29138286000158,Nilópolis,RJ,2018-09-28,2019-06-21,I-II,2025-09-16,II,FUNDAÇÃO VANZOLINI-ICQ BRASIL
29138302000102,Itaguaí,RJ,2022-04-07,,,,,
29138344000143,Petrópolis,RJ,2024-03-14,2024-02-23,I,,I,ICQ BRASIL
29138393000186,Sapucaia,RJ,2024-02-07,,,,,
29172467000109,Angra dos Reis,RJ,2020-02-06,2021-08-28,II,2024-11-01,IV,ICQ BRASIL
29178233000160,Resende,RJ,2021-05-03,2023-11-23,II,,II,ICQ BRASIL
31505027000160,Quissamã,RJ,2022-01-28,2022-12-28,I,2024-09-26,II,INSTITUTO TOTUM/ICQ BRASIL
31776479000186,joão Neiva,ES,2026-06-23,,,,,
31844889000117,Paty do Alferes,RJ,2019-10-04,2021-11-18,I,2024-09-28,II,INSTITUTO TOTUM/INSTITUTO TOTUM
31846892000170,Itatiaia,RJ,2019-11-29,2020-12-08,II,2023-12-08,II,INSTITUTO TOTUM/ICQ BRASIL
32147670000121,Saquarema,RJ,2021-05-14,2021-12-21,II,2024-12-26,II,ICQ BRASIL
32972424000104,São José do Povo,MT,2022-09-20,,,,,
36288900000123,Aperibé,RJ,2025-09-04,,,,,
36388445000138,Santa Maria de Jetibá,ES,2021-02-05,2022-06-02,I,2025-06-04,II,ICQ BRASIL-INSTITUTO TOTUM
36862621000121,Cidade Ocidental,GO,2024-04-08,,,,,
37212719000104,Nova Alvorada do Sul,MS,2021-10-13,,,,,
37464716000150,Confresa,MT,2026-04-10,,,,,
37464955000100,Glória d'Oeste,MT,2022-10-25,,,,,
37464997000140,Tabaporã,MT,2026-07-16,,,,,
37465309000167,Cotriguaçu,MT,2024-09-12,,,,,
39217831000155,Varre-Sai,RJ,2023-06-27,2023-06-13,I,,I,ICQ BRASIL
39223581000166,Rio das Ostras,RJ,2018-09-27,2022-06-10,II-III,2025-12-30,IV,FUNDAÇÃO VANZOLINI/TOTUM
39485396000140,Japeri,RJ,2022-08-08,,,,,
39485412000102,Queimados,RJ,2026-09-21,,,,,
39554597000151,Comendador Levy Gasparian,RJ,2026-01-20,,,,,
39560008000148,Quatis,RJ,2022-03-15,2022-06-23,I,2025-07-02,I,ICQ BRASIL
41522145000130,São Brás do Piauí,PI,2025-04-29,,,,,
41522152000131,Alegrete do Piauí,PI,2025-05-26,,,,,
41522350000103,Colônia de Gurgueia,PI,2025-05-26,,,,,
41563628000182,Itaitinga,CE,2024-05-08,,,,,
42498600000171,Governo do Estado do Rio de Janeiro,RJ,2018-06-12,2018-09-06,II,2024-09-04,II,INSTITUTO TOTUM/INSTITUTO TOTUM
42498733000148,Rio de Janeiro,RJ,2024-08-06,2024-12-19,II,,II,ICV BRASIL
44215846000114,Araras,SP,2019-10-25,2021-02-04,II,2024-04-17,II,ICQ BRASIL
44229813000123,Serrana,SP,2022-09-19,,,,,
44435121000131,Buritama,SP,2023-09-11,2026-02-06,I,,I,ICQ BRASIL
44437820000110,Lavínia,SP,2026-05-18,,,,,
44438968000170,Mirandópolis,SP,2025-06-12,2025-12-02,I,,I,INSTITUTO TOTUM
44447126000184,Itapura,SP,2022-03-04,,,,,
44518371000135,Garça,SP,2026-08-25,,,,,
44544690000115,Taiaçu,SP,2024-07-08,,,,,
44547305000193,Paraguaçu Paulista,SP,2022-03-16,,,,,
44723674000190,Capivari,SP,2021-12-20,2022-02-22,I,2025-04-12,I,ICQ BRASIL-INSTITUTO TOTUM
44723757000189,Rafard,SP,2024-07-15,2024-06-04,I,,I,ICQ BRASIL
44733608000109,Indaiatuba,SP,2018-05-16,2019-02-08,II-II,2025-06-14,II,FUNDAÇÃO VANZOLINI-INSTITUTO TOTUM
44780609000104,Barretos,SP,2022-08-30,2023-11-24,I,,I,INSTITUTO TOTUM
44959021000104,Guarujá,SP,2018-11-01,2019-06-27,I-IV,2026-08-21,IV,ICQ BRASIL
45116712000109,São João das Duas Pontes,SP,2026-07-22,,,,,
45122603000102,Catanduva,SP,2020-05-11,2023-02-14,II,2026-02-11,II,INSTITUTO TOTUM
45126851000113,Itajobi,SP,2025-09-26,,,,,
45127248000156,Paraíso,SP,2024-02-07,,,,,
45131885000104,Jales,SP,2018-08-06,2021-09-30,I,2025-01-17,II,INSTITUTO TOTUM
45132495000140,Limeira,SP,2022-07-25,2024-05-30,I,,I,ICQ BRASIL
45135043000112,Rubinéia,SP,2022-01-28,,,,,
45138070000149,Santa Fé do Sul,SP,2023-07-18,2024-04-18,I,,I,ICQ BRASIL
45148970000177,Orindiuva,SP,2026-02-23,,,,,
45228319000107,Cravinhos,SP,2026-09-15,,,,,
45279627000161,Piracaia,SP,2018-08-29,2020-10-28,I,2023-10-28,II,ICQ/INSTITUTO TOTUM
45281144000100,Itapira,SP,2018-10-16,2020-06-30,I-II,2026-09-10,II,INSTITUTO TOTUM
45301652000102,Brodowski,SP,2024-01-23,,,,,
45331188000199,Conchal,SP,2025-07-16,,,,,
45331196000135,Santo Antônio de Posse,SP,2023-10-11,,,,,
45345899000112,Morro Agudo,SP,2025-07-09,,,,,
45660628000151,Magda,SP,2026-05-18,,,,,
45685872000179,Registro,SP,2026-08-12,,,,,
45709912000175,Viradouro,SP,2021-02-12,2022-02-15,II,2025-05-20,II,INSTITUTO TOTUM/ICQ BRASIL
45709920000111,Bebedouro,SP,2025-12-16,,,,,
45735552000186,Artur Nogueira,SP,2024-03-01,,,,,
45741659000137,são José do Rio Pardo,SP,2025-01-27,,,,,
45751435000106,Paulínia,SP,2019-04-23,2019-05-16,I,2023-12-15,II,INSTITUTO TOTUM
45780061000157,Itupeva,SP,2020-01-31,2020-09-18,I-I,2026-04-21,II,ICQ BRASIL/INSTITUTO TOTUM
45780103000150,Jundiaí,SP,2018-03-21,2019-05-09,IV-IV,2025-04-15,IV,INSTITUTO TOTUM
45787652000156,Monte Mor,SP,2026-07-02,,,,,
45787660000100,Sumaré,SP,2022-12-08,,,,,
45787678000102,Valinhos,SP,2019-03-11,2020-07-30,I,2025-01-25,II,INSTITUTO TOTUM
46137410000180,Bauru,SP,2018-03-06,2019-09-06,I-II,2026-01-29,II,INSTITUTO TOTUM-ICQ BRASIL
46151718000180,Birigui,SP,2018-05-04,2020-11-17,I,2024-01-12,I,ICQ BRASIL/INSTITUTO TOTUM
46177523000109,São Vicente,SP,2020-07-31,2021-07-15,I,2024-06-14,III,ICQ BRASIL
46179941000135,Assis,SP,2019-07-15,2022-01-14,I,2025-06-04,II,INSTITUTO TOTUM
46200846000176,Lençóis Paulista,SP,2019-04-16,2021-07-02,I,2024-09-03,II,INSTITUTO TOTUM
46316600000164,Itaquaquecetuba,SP,2026-09-14,,,,,
46319000000150,Guarulhos,SP,2019-01-04,2021-04-27,II,2025-01-28,III,INSTITUTO TOTUM
46341038000129,Piracicaba,SP,2020-12-22,2022-06-01,II,2025-05-23,III,ICQ BRASIL
46362661000168,Leme,SP,2019-11-14,2020-12-18,II-II,2026-05-27,IV,ICQ BRASIL/INSTITUTO TOTUM
46363933000144,Louveira,SP,2024-07-01,2024-11-26,I,,I,INSTITUTO TOTUM
46373445000118,Tambaú,SP,2023-07-24,,,,,
46379400000150,Governo do Estado de São Paulo,SP,2020-11-04,2023-02-03,II,2025-12-16,III,FUNDAÇÃO VANZOLINI/ICQ BRASIL
46395000000139,São Paulo,SP,2019-08-22,2021-12-20,II,2024-10-21,III,INSTITUTO TOTUM
46410866000171,Jaguariuna,SP,2025-07-03,,,,,
46429379000150,São João da Boa Vista,SP,2019-01-22,2021-07-02,I,2024-07-25,II,ICQ BRASIL/INSTITUTO TOTUM
46476131000140,Presidente Venceslau,SP,2026-02-26,,,,,
46482832000192,São Sebastião,SP,2020-03-20,2023-02-07,II,2026-01-23,II,INSTITUTO TOTUM-ICQ BRASIL
46482840000139,Caraguatatuba,SP,2018-11-12,2021-06-21,I,2024-10-25,IV,ICQ BRASIL
46482857000196,Ubatuba,SP,2018-04-11,2018-10-31,I,2024-05-03,III,ICQ BRASIL/ICQ BRASIL
46482865000132,Ilhabela,SP,2020-07-22,2021-06-16,I-II,2025-11-26,III,INSTITUTO TOTUM/ICQ BRASIL
46522942000130,Santo André,SP,2018-12-21,2020-01-03,I,2025-10-28,II,INSTITUTO TOTUM
46522967000134,Ribeirão Pires,SP,2022-08-22,2025-04-12,I,,I,INSTITUTO TOTUM
46522983000127,Santana de Parnaíba,SP,2019-04-30,2021-12-17,I,2024-12-13,I,ICQ BRASIL-INSTITUTO TOTUM
46523007000199,Pirapora do Bom Jesus,SP,2023-12-12,,,,,
46523015000135,Barueri,SP,2018-12-04,2019-05-02,II-III,2025-04-16,III,FUNDAÇÃO VANZOLIN-ICQBRASIL
46523023000181,Cajamar,SP,2024-06-10,,,,,
46523031000128,Itapevi,SP,2021-02-16,2022-10-04,II,2025-12-18,IV,INSTITUTO TOTUM
46523049000120,Cotia,SP,2026-08-25,,,,,
46523056000121,Suzano,SP,2025-05-22,2025-04-30,I,,I,INSTITUTO TOTUM
46523072000114,Francisco Morato,SP,2026-09-21,,,,,
46523080000160,Franco da Rocha,SP,2024-05-23,2025-12-16,I,,I,ICQ BRASIL
46523114000117,Embu das Artes,SP,2018-12-26,2021-09-23,I,2024-11-27,II,INSTITUTO TOTUM
46523122000163,Taboão da Serra,SP,2018-12-11,2021-10-01,II,2024-10-10,II,FUNDAÇÃO VANZOLINI/INSTITUTO TOTUM
46523130000100,Itapecerica da Serra,SP,2024-04-25,2025-03-11,I,,I,INSTITUTO TOTUM
46523171000104,Osasco,SP,2022-10-27,2025-02-18,I,2026-04-27,II,ICQ BRASIL
46523239000147,São Bernardo do Campo,SP,2019-02-06,2019-05-06,I,2025-04-01,II,INSTITUTO TOTUM/ICQ BRASIL
46523247000193,Diadema,SP,2018-09-17,2020-09-22,I,2023-09-26,II,INSTITUTO TOTUM
46523270000188,Mogi das Cruzes,SP,2026-08-25,,,,,
46578498000175,Itanhaém,SP,2025-02-24,2025-03-27,II,,II,INSTITUTO TOTUM
46578514000120,Peruíbe,SP,2023-01-12,2023-12-15,I,2024-02-09,II,ICQ BRASIL
46588950000180,São José do Rio Preto,SP,2018-07-26,2019-06-10,II-III,2023-12-22,IV,INSTITUTO TOTUM
46599809000182,Votuporanga,SP,2026-08-12,,,,,
46613196000190,Sales,SP,2024-12-17,3036-02-05,I,,I,INSTITUTO TOTUM
46634044000174,Sorocaba,SP,2019-01-28,2020-09-16,I-I,2024-02-07,III,ICQ BRASIL
46634101000115,Botucatu,SP,2021-04-12,2024-08-02,I,,I,ICQ BRASIL
46634127000163,Itatinga,SP,2024-04-08,,,,,
46634184000142,Cerqueira César,SP,2021-04-28,2023-11-18,I,,I,INSTITUTO TOTUM
46634192000199,Coronel Macedo,SP,2026-07-16,,,,,
46634200000105,Itaí,SP,2023-03-13,2025-02-11,I,,I,ICQ BRASIL
46634218000107,Taquarituba,SP,2024-12-17,2026-07-07,II,,II,ICQ BRASIL
46634309000134,Paranapanema,SP,2024-09-23,2025-01-02,I,,I,INTITUTO TOTUM
46634440000100,Itu,SP,2018-04-09,2020-08-21,II,2023-09-21,II,INSTITUTO TOTUM
46634481000198,Porto Feliz,SP,2021-12-08,2023-11-10,I,,I,ICQ BRASIL
46634523000190,São Manuel,SP,2021-04-30,2023-07-24,I,,I,ICQ BRASIL
46643466000106,São José dos Campos,SP,2019-03-29,2019-07-01,II,2024-12-03,IV,ICQ BRASIL
46643474000152,Paraibuna,SP,2022-06-16,,,,,
46694139000183,Jacareí,SP,2023-08-19,2024-04-01,I,2026-01-16,III,INSTITUTO TOTUM-ICQ BRASIL
47492806000108,Cubatão,SP,2021-05-03,,,,,
47842836000105,Fernandópolis,SP,2020-12-15,2023-03-08,II,2026-02-28,II,ICQ BRASIL-INSTITUTO TOTUM
48344014000159,Guaíra,SP,2025-10-20,,,,,
48813638000178,Regente Feijó,SP,2024-08-06,,,,,
50387844000105,Jaboticabal,SP,2025-12-16,2026-02-07,II,,II,INSTITUTO TOTUM
51885242000140,Campinas,SP,2019-05-22,2023-01-05,I,2025-12-15,II,INSTITUTO TOTUM
52879780000195,Sebastianópolis do Sul,SP,2023-09-25,2025-07-18,I,,I,INSTITUTO TOTUM
53221941000111,Floreal,SP,2026-05-18,,,,,
53415717000160,Ourinhos,SP,2022-04-18,2023-06-29,I,,I,ICQ BRASIL
55356653000108,Presidente Prudente,SP,2018-12-17,2021-03-08,I,2024-05-03,I,INSTITUTO TOTUM/ICV BRASIL
56024581000156,Ribeirão Preto,SP,2018-10-24,2019-05-30,II-III,2025-08-06,IV,ICQ BRASIL
58200015000183,Santos,SP,2018-11-28,2019-01-25,II-III,2025-02-05,III,ICQ BRASIL
58993577000121,Araçariguama,SP,2026-09-21,,,,,
59754648000104,Ilha Solteira,SP,2021-09-24,2022-01-05,I,2025-12-30,II,INSTITUTO TOTUM
59858134000190,Parisi,SP,2020-11-30,2022-12-15,I,2026-02-05,I,INSTITUTO TOTUM
63606479000124,Governo do Estado do Acre,AC,2025-07-24,,,,,
63761944000100,Governador Jorge Teixeira,RO,2022-09-20,2025-07-30,I,,I,ICQ BRASIL
63761985000198,Monte Negro,RO,2024-08-22,,,,,
63762009000150,Novo Horizonte do Oeste,RO,2022-08-08,2024-07-05,I,,I,ICQ BRASIL
63762033000199,Campo novo de Rondônia,RO,2022-12-02,2024-12-13,I,,I,INSTITUTO TOTUM
63762058000192,Cacaulândia,RO,2026-04-10,,,,,
64487614000122,Juatuba,MG,2021-05-28,2022-03-14,I,2025-08-14,I,INSTITUTO TOTUM-ICVBRASIL
64614449000122,Tarumã,SP,2023-06-30,,,,,
65708760000101,Zacarias,SP,2020-05-11,2023-10-27,I,,I,ICQ BRASIL
65712077000130,Pontalinda,SP,2024-05-10,2025-09-09,I,,I,ICQ BRASIL
67172437000183,Holambra,SP,2023-10-09,2023-12-07,I,,I,INSTITUTO TOTUM
67995027000132,Hortolândia,SP,2019-09-04,2021-01-14,I,2024-02-23,I,INSTITUTO TOTUM
68020916000147,Bertioga,SP,2018-06-13,2018-12-20,II,2021-12-07,II,ICQ BRASIL-ICQ BRASIL
70946009000175,São Roque,SP,2022-10-03,,,,,
75326066000175,Otacílio Costa,SC,2023-05-24,,,,,
75654574000182,Irati,PR,2025-10-07,,,,,
75732057000184,Cambé,PR,2022-06-01,2024-08-10,II,,II,INSTITUTO TOTUM
75743377000130,Astorga,PR,2026-03-10,,,,,
75771204000125,Jandaia do Sul,PR,2026-07-13,,,,,
75771477000170,Londrina,PR,2021-06-15,2022-12-22,I,2025-12-09,II,ICQ BRASIL
75788349000139,Japurá,PR,2022-08-10,2023-12-06,I,,I,INSTITUTO TOTUM
75904524000106,Campo Mourão,PR,2019-11-22,2024-11-26,I,,I,INSTITUTO TOTUM
75963850000194,Teixeira Soares,PR,2026-04-22,,,,,
75969667000104,Jaboti,PR,2026-09-14,,,,,
76002666000140,Piên,PR,2021-11-09,,,,,
76017474000108,Guaratuba,PR,2025-07-03,,,,,
76020452000105,Lapa,PR,2021-05-07,2023-01-10,I,2026-03-04,II,INSTITUTO TOTUM
76021450000122,São Mateus do Sul,PR,2023-09-04,,,,,
76105535000199,Araucária,PR,2026-08-25,,,,,
76105543000135,São José dos Pinhais,PR,2022-06-23,2024-03-01,II,,II,ICQ BRASIL
76105550000137,Mandirituba,PR,2022-02-16,,,,,
76105568000139,Quatro Barras,PR,2021-10-04,2022-12-09,I,2025-12-05,II,ICQ BRASIL
76105600000186,Campina Grande do Sul,PR,2022-03-18,,,,,
76105634000170,Colombo,PR,2019-04-29,2020-10-23,I,2025-08-27,II,ICQ BRASIL
76170240000104,Telêmaco Borba,PR,2026-06-30,,,,,
76178037000176,Guarapuava,PR,2026-07-02,,,,,
76205806000188,Toledo,PR,2020-05-23,2020-12-11,II,2023-12-20,II,ICQ BRASIL/INSTITUTO TOTUM
76206481000158,Medianeira,PR,2024-05-24,2024-11-08,I,,I,INSTITUTO TOTUM
76206606000140,Foz do Iguaçu,PR,2019-07-16,2020-12-29,II,2023-11-28,II,ICQ BRASIL/
76208826000102,Corbélia,PR,2026-08-12,,,,,
76235761000194,Andirá,PR,2021-10-08,2023-01-12,I,2026-01-05,I,INSTITUTO TOTUM
76244961000103,Ibiporã,PR,2022-04-25,2025-10-02,I,,I,ICQ BRASIL
76282656000106,Maringá,PR,2019-02-07,2020-02-28,II-II,2025-12-11,II,ICQ BRASIL
76288760000108,Rolândia,PR,2025-12-23,,,,,
76291418000167,Santa Fé,PR,2024-07-01,,,,,
76309806000128,Cianorte,PR,2026-05-18,,,,,
76416940000128,Governo do Estado do Paraná,PR,2020-07-01,2021-04-05,II-III,2026-06-23,IV,INSTITUTO TOTUM/ICQ BRASIL
76417005000186,Curitiba,PR,2019-02-19,2019-07-08,II-II,2025-06-03,II,FUNDAÇÃO VANZOLINI-INSTITUTO TOTUM
76460526000116,Planalto,PR,2021-12-02,,,,,
76910900000138,Jaguariaíva,PR,2024-03-07,,,,,
76958966000106,Arapongas,PR,2026-08-28,,,,,
76977768000181,Paranavaí,PR,2019-02-25,2020-11-24,I,2024-05-15,I,INSTITUTO TOTUM
76978881000181,Terra Rica,PR,2026-09-23,,,,,
76995414000160,Chopinzinho,PR,2021-04-30,2024-07-17,I,,I,INSTITUTO TOTUM
77003424000134,Prudentópolis,PR,2024-08-06,2025-03-27,I,,I,INSTITUTO TOTUM
77817054000179,Ampére,PR,2022-07-06,2024-11-19,I,,I,INSTITUTO TOTUM
77845394000103,Nova Cantu,PR,2021-04-20,,,,,
78103884000105,Nova Prata do Iguaçu,PR,2018-04-19,2020-11-23,I,2023-12-23,I,ICQ BRASIL
78279973000107,Turvo,PR,2022-08-05,,,,,
78279981000145,Cantagalo,PR,2026-05-22,,,,,
81140303000101,Itapoá,SC,2026-09-14,,,,,
81531162000158,Forquilhinha,SC,2022-06-24,,,,,
82575812000120,Porto Belo,SC,2021-10-05,,,,,
82577636000165,Tijucas,SC,2026-09-14,,,,,
82765488000102,Taió,SC,2020-11-27,2022-01-12,I,2024-11-22,II,ICQ BRASIL
82777301000190,Lages,SC,2019-10-10,2020-12-01,II,2023-11-23,II,ICQ BRASIL
82827353000124,Salto Veloso,SC,2018-06-29,2018-12-19,I,2025-02-19,I,ICQ BRASIL
82892282000143,Florianópolis,SC,2023-07-18,2023-12-14,I,,I,ICQ BRASIL
82892316000108,Palhoça,SC,2019-05-03,2020-12-15,I-II,2026-08-28,III,ICQ BRASIL
82892324000146,Santo Amaro da Imperatriz,SC,2026-04-08,,,,,
82892332000192,Anitápolis,SC,2026-04-08,,,,,
82892357000196,Rancho Queimado,SC,2026-03-24,,,,,
82916800000111,Içara,SC,2026-08-12,,,,,
82925652000100,São João Batista,SC,2026-04-06,,,,,
82939380000199,Joaçaba,SC,2020-12-02,2021-12-28,I,2024-12-10,I,ICQ BRASIL
82939430000138,Herval d'Oeste,SC,2018-10-26,2019-08-07,I-I,2025-12-01,I,ICQ BRASIL
82951195000110,Angelina,SC,2026-08-27,,,,,
82951229000176,Governo do Estado de Santa Catarina,SC,2022-08-08,2022-09-02,II,2025-11-18,IV,ICQ BRASIL
83024257000100,Concórdia,SC,2019-04-30,2021-04-23,II,2024-04-03,II,ICQ BRASIL
83039842000184,Videira,SC,2021-04-30,2022-11-08,I,2025-10-22,I,ICQ BRASIL
83074302000131,Caçador,SC,2019-03-15,2020-03-20,II-II,2026-06-26,III,ICQ BRASIL-ICV BRASIL
83102228000110,Araquari,SC,2026-01-20,2026-06-26,I,,I,ICQ BRASIL
83102269000106,São Francisco do Sul,SC,2019-03-13,2019-12-15,II-II,2025-12-05,II,ICQ BRASIL
83102277000152,Itajaí,SC,2018-04-05,2019-04-16,I,2025-04-23,II,ICQ BRASIL
83102285000107,Balneário Camboriú,SC,2019-02-22,2019-05-28,I-II,2025-11-28,II,ICQ BRASIL/ICV BRASIL
83102335000148,Balneário Piçarras,SC,2022-05-27,2023-07-14,I-II,2026-01-23,III,ICQ BRASIL
83102343000194,Brusque,SC,2019-04-30,2019-11-28,II-II,2025-08-21,III,ICQ BRASIL
83102384000180,Canoinhas,SC,2020-07-02,2021-04-20,I,2024-07-24,I,ICQ BRASIL
83102392000127,Major Vieira,SC,2025-12-16,,,,,
83102459000123,Jaraguá do Sul,SC,2019-03-11,2019-12-20,II,2026-02-12,III,ICQ BRASIL
83102509000172,Mafra,SC,2019-11-11,2020-12-16,I,2024-01-30,I,ICQ BRASIL
83102541000158,Porto União,SC,2019-10-01,2021-01-21,I,2023-12-20,I,INSTITUTO TOTUM/ICQ BRASIL
83102574000106,Rio do Sul,SC,2019-04-23,2023-01-26,I,2026-01-23,I,FUNDAÇÃO VANZOLINI-ICQ BRASIL
83102749000177,Campo Alegre,SC,2021-03-26,2021-12-22,I,2025-02-07,I,INSTITUTO TOTUM
83102756000179,Rio Negrinho,SC,2021-06-10,2022-07-02,I,2025-08-26,I,INSTITUTO TOTUM
83102798000100,Indaial,SC,2020-02-07,2022-01-13,II,2025-06-05,II,ICQ BRASIL
83102830000157,Barra Velha,SC,2019-05-02,2026-04-09,II,,II,INSTITUTO TOTUM
83102855000150,Navegantes,SC,2018-04-13,2019-05-08,II,2024-12-18,III,ICQ BRASIL
83108357000115,Blumenau,SC,2018-04-25,2019-02-14,II-III,2025-05-21,III,ICQ BRASIL
83169623000110,Joinville,SC,2018-03-21,2019-02-08,II-III,2026-04-29,IV,ICQ BRASIL
83754044000134,Curitibanos,SC,2022-06-06,2024-01-12,I,,I,ICQ BRASIL
84012012000126,Governo do Estado de Roraima,RR,2025-10-14,2025-12-03,II,,II,ICQ BRASIL
84722917000190,Vale do Anari,RO,2022-08-22,,,,,
84727601000190,Theobroma,RO,2022-09-01,,,,,
84736941000188,Cujubim,RO,2023-10-30,2026-12-19,II,,II,ICQ BRASIL
86051398000100,São Bento do Sul,SC,2020-02-18,2021-02-18,I,2025-03-21,I,INSTITUTO TOTUM
87246120000151,Estrela,RS,2026-09-21,,,,,
87297982000103,Lajeado,RS,2019-05-23,2021-12-14,I,2024-07-10,II,ICQ BRASIL
87334918000155,Venâncio Aires,RS,2023-12-12,2024-09-26,II,,II,INSTITUTO TOTUM
87455531000157,Pelotas,RS,2022-06-01,2023-06-17,II,2026-06-02,II,ICQ BRASIL
87482535000124,Dom Pedrito,RS,2026-06-23,,,,,
87490306000151,Restinga Seca,RS,2024-08-07,2024-12-17,I,,I,ICQ BRASIL
87612750000100,Arvorezinha,RS,2025-02-20,2026-06-12,II,,II,ICQ BRASIL
87612768000102,Fontoura Xavier,RS,2022-02-07,,,,,
87612834000136,Horizontina,RS,2026-03-18,,,,,
87613188000121,Três Passos,RS,2026-04-16,,,,,
87613469000184,Aratiba,RS,2019-04-26,2019-12-20,I-I,2026-01-16,I,ICQ BRASIL
87613477000120,Erechim,RS,2019-03-22,2019-06-24,I,2024-10-25,II,ICQ BRASIL
87613493000113,Tapera,RS,2026-04-30,,,,,
87613543000162,Sananduva,RS,2026-06-23,,,,,
87711503000153,Ronda Alta,RS,2026-05-18,,,,,
87849923000109,Bento Gonçalves,RS,2022-12-02,2025-10-15,II,,II,ICV BRASIL
87862397000109,Guaporé,RS,2025-09-26,,,,,
87890992000158,Gravataí,RS,2025-09-16,,,,,
87896874000157,Alegrete,RS,2026-03-18,,,,,
87934675000196,Governo do Estado do Rio Grande do Sul,RS,2019-07-16,2021-12-10,I-II,2026-07-22,III,ICQ BRASIL
87990800000185,Cachoeirinha,RS,2026-01-26,,,,,
88000906000157,Alvorada,RS,2022-05-26,2024-12-10,II,,II,ICQ BRASIL
88000914000101,Viamão,RS,2019-08-16,2020-12-22,II,2024-04-09,II,ICQ BRASIL
88073291000199,Bagé,RS,2023-11-20,,,,,
88120662000146,Itaqui,RS,2025-06-03,,,,,
88124961000159,Santana do Livramento,RS,2024-04-08,2025-08-15,II,,II,ICQ BRASIL
88142302000145,Caçapava do Sul,RS,2026-08-12,,,,,
88150495000186,Esteio,RS,2021-10-07,2024-11-19,I,,I,ICQ BRASIL
88254875000160,Novo Hamburgo,RS,2025-04-15,,,,,
88254883000107,Estância Velha,RS,2021-03-18,2025-10-21,I,,I,ICQ BRASIL
88489786000101,São Borja,RS,2024-06-10,,,,,
88566872000162,Rio Grande,RS,2023-12-12,,,,,
88604897000103,Cacequi,RS,2026-05-18,,,,,
88696810000175,Camaquã,RS,2026-09-14,,,,,
88768080000170,São Gabriel,RS,2018-09-26,2019-10-06,I-II,2026-07-03,III,ICQ BRASIL
88811922000120,Guaíba,RS,2023-04-26,2025-03-11,I,,I,ICQ BRASIL
88814199000132,Santo Antônio da Patrulha,RS,2018-10-17,2020-09-08,I,2023-12-29,I,INSTITUTO TOTUM
88860366000181,Arroio Grande,RS,2024-10-15,,,,,
89814693000160,São Leopoldo,RS,2026-06-12,2026-08-27,II,,II,ICQ BRASIL
90738196000109,Ijuí,RS,2024-10-07,2024-10-10,I,,I,INSTITUTO TOTUM
91103093000135,Arroio do Sal,RS,2026-05-18,,,,,
91342667000128,Pantano Grande,RS,2025-07-09,,,,,
91566869000153,Vila Flores,RS,2026-08-12,,,,,
91618439000138,Nova Prata,RS,2025-04-09,2025-11-14,I,,I,ICQ BRASIL
91997072000100,Vista Gaucha,RS,2025-09-26,2025-12-23,I,,I,ICQ BRASIL
92122720000148,Capela de Santana,RS,2026-05-18,,,,,
92455393000146,Nova Esperança do Sul,RS,2020-10-27,2021-09-03,I,2024-08-21,I,ICQ BRASIL
92963560000160,Porto Alegre,RS,2018-11-27,2020-10-06,I,2023-11-07,II,INSTITUTO TOTUM
93235943000184,Maratá,RS,2026-09-14,,,,,
94436474000124,Xangri-lá,RS,2023-09-11,2025-05-30,I,,I,ICQ BRASIL
94577616000173,Passo do Sobrado,RS,2026-06-23,,,,,
95422986000102,Fazenda Rio Grande,PR,2021-10-18,2025-07-11,I,,I,ICQ BRASIL
95423000000100,Pinhais,PR,2018-06-08,2020-01-07,II-II,2025-11-07,III,ICQ BRASIL
95684536000180,Laranjal,PR,2022-07-06,,,,,
97761407000173,Taquara,RS,2026-03-10,,,,,
98661366000106,Vera Cruz,RS,2026-05-22,,,,,
