Prioridade;Tipo;RPPS;RPPS_CNPJ;Declarado_no_DAIR;Valor_RS;Perc_da_Carteira;Perc_da_Carteira_em_LF_Direta;Teto_da_Classe;Excede_o_Teto;O_Que_Chama_Atencao;O_Que_Verificar;Competencia_DAIR
Alta;Concentração + emissor não identificado;Campos dos Goytacazes/RJ;29.116.894/0001-61;FSN LFSN25008SP;50336581.09;7.948289091358895;7.948289091358895;20;não;"7.9% da carteira num único papel, e a declaração não diz de que banco é: ""FSN LFSN25008SP"".";Pedir ao RPPS o CNPJ do emissor, o ISIN e o boletim da operação. Sem o emissor, nem o limite por emissor pode ser conferido.;2026-06
Alta;Concentração + emissor não identificado;Catanduva/SP;45.122.603/0001-02;quisiçao LF SENIOR 10 anos;28877479.07;5.299920618226062;5.299920618226062;20;não;"5.3% da carteira num único papel, e a declaração não diz de que banco é: ""quisiçao LF SENIOR 10 anos"".";Pedir ao RPPS o CNPJ do emissor, o ISIN e o boletim da operação. Sem o emissor, nem o limite por emissor pode ser conferido.;2026-06
Alta;Concentração + emissor não identificado;Igaratinga/MG;18.313.825/0001-21;Letra Financeira - 14/08/2025;2202918.88;5.039437221593868;11.87374891163993;20;não;"5.0% da carteira num único papel, e a declaração não diz de que banco é: ""Letra Financeira - 14/08/2025"".";Pedir ao RPPS o CNPJ do emissor, o ISIN e o boletim da operação. Sem o emissor, nem o limite por emissor pode ser conferido.;2026-06
Média;Concentração num único papel;São José dos Pinhais/PR;76.105.543/0001-35;nvest em Letra Financeira da CEF IPCA + 6 31%;248673036.06;11.44210085839514;11.44210085839514;20;não;11.4% da carteira num único papel (nvest em Letra Financeira da CEF IPCA + 6 31%).;Confirmar o enquadramento no limite por emissor e a decisão do comitê de investimentos que autorizou a posição.;2026-06
Média;Concentração num único papel;Taió/SC;82.765.488/0001-02;LFSN22009R3 BANCO BTG PACTUAL S A;8095481.16;8.527502918172956;8.527502918172956;20;não;8.5% da carteira num único papel (LFSN22009R3 BANCO BTG PACTUAL S A).;Confirmar o enquadramento no limite por emissor e a decisão do comitê de investimentos que autorizou a posição.;2026-06
Média;Concentração num único papel;Guia Lopes da Laguna/MS;03.403.896/0001-48;LF BANCO BRADESCO (IPCA + CUPOM);1270508.03;7.094585136037596;7.094585136037596;20;não;7.1% da carteira num único papel (LF BANCO BRADESCO (IPCA + CUPOM)).;Confirmar o enquadramento no limite por emissor e a decisão do comitê de investimentos que autorizou a posição.;2026-06
Média;Concentração num único papel;Ceará-Mirim/RN;08.004.061/0001-39;LF BRADESCO IPCA;12245000.47;6.738232751807437;6.738232751807437;20;não;6.7% da carteira num único papel (LF BRADESCO IPCA).;Confirmar o enquadramento no limite por emissor e a decisão do comitê de investimentos que autorizou a posição.;2026-06
Média;Concentração num único papel;Senador Canedo/GO;25.107.525/0001-51;LF BTG PACTUAL IPCA;46080527.57;6.580569438701531;12.32597498619376;20;não;6.6% da carteira num único papel (LF BTG PACTUAL IPCA).;Confirmar o enquadramento no limite por emissor e a decisão do comitê de investimentos que autorizou a posição.;2026-06
Média;Concentração num único papel;Senador Canedo/GO;25.107.525/0001-51;LF BANCO DAYCOVAL IPCA;40232280.99;5.745405547492228;12.32597498619376;20;não;5.7% da carteira num único papel (LF BANCO DAYCOVAL IPCA).;Confirmar o enquadramento no limite por emissor e a decisão do comitê de investimentos que autorizou a posição.;2026-06
Média;Concentração num único papel;Diamantina/MG;17.754.136/0001-90;Letra Financeira - SANTANDER 25/09/2025;6665665.92;5.67112132936818;7.119898232802243;20;não;5.7% da carteira num único papel (Letra Financeira - SANTANDER 25/09/2025).;Confirmar o enquadramento no limite por emissor e a decisão do comitê de investimentos que autorizou a posição.;2026-06
Média;Valor relevante sem emissor identificado;Mairiporã/SP;46.523.163/0001-50;etra Financeira LF-002500OL1;5447984.22;1.648366432083654;1.648366432083654;20;não;"R$ 5.447.984,22 declarados como ""etra Financeira LF-002500OL1"", sem identificação do emissor.";Pedir o CNPJ do emissor e o ISIN. É o mínimo para que qualquer confronto de preço se torne possível.;2026-06
Média;Valor relevante sem emissor identificado;Rolândia/PR;76.288.760/0001-08;LETRA FINANCEIRA 6,56%;6166085.58;1.618777241480266;8.327130017911017;20;não;"R$ 6.166.085,58 declarados como ""LETRA FINANCEIRA 6,56%"", sem identificação do emissor.";Pedir o CNPJ do emissor e o ISIN. É o mínimo para que qualquer confronto de preço se torne possível.;2026-06
Média;Valor relevante sem emissor identificado;Rolândia/PR;76.288.760/0001-08;LETRA FINANCEIRA 6,50%;6160680.67;1.617358295021166;8.327130017911017;20;não;"R$ 6.160.680,67 declarados como ""LETRA FINANCEIRA 6,50%"", sem identificação do emissor.";Pedir o CNPJ do emissor e o ISIN. É o mínimo para que qualquer confronto de preço se torne possível.;2026-06
Média;Valor relevante sem emissor identificado;Rolândia/PR;76.288.760/0001-08;LETRA FINANCEIRA 7,07%;6122364.11;1.607299080873863;8.327130017911017;20;não;"R$ 6.122.364,11 declarados como ""LETRA FINANCEIRA 7,07%"", sem identificação do emissor.";Pedir o CNPJ do emissor e o ISIN. É o mínimo para que qualquer confronto de preço se torne possível.;2026-06
Média;Valor relevante sem emissor identificado;Rolândia/PR;76.288.760/0001-08;LETRA FINANCEIRA 6,48%;5839588.36;1.533062201965265;8.327130017911017;20;não;"R$ 5.839.588,36 declarados como ""LETRA FINANCEIRA 6,48%"", sem identificação do emissor.";Pedir o CNPJ do emissor e o ISIN. É o mínimo para que qualquer confronto de preço se torne possível.;2026-06
Média;Valor relevante sem emissor identificado;Rolândia/PR;76.288.760/0001-08;LETRA FINANCEIRA 6,35%;5827643.24;1.529926259696564;8.327130017911017;20;não;"R$ 5.827.643,24 declarados como ""LETRA FINANCEIRA 6,35%"", sem identificação do emissor.";Pedir o CNPJ do emissor e o ISIN. É o mínimo para que qualquer confronto de preço se torne possível.;2026-06
Média;Valor relevante sem emissor identificado;Osasco/SP;46.523.171/0001-04;ANCO C 6 S/A TÍTULO PRÉFIXADO LF;22069413.9;1.506771574036425;1.506771574036425;20;não;"R$ 22.069.413,90 declarados como ""ANCO C 6 S/A TÍTULO PRÉFIXADO LF"", sem identificação do emissor.";Pedir o CNPJ do emissor e o ISIN. É o mínimo para que qualquer confronto de preço se torne possível.;2026-06
Média;Valor relevante sem emissor identificado;Jacareí/SP;46.694.139/0001-83;Letra Financeira Banco BV S/A;8270108.38;0.893346838430482;6.293392145085044;20;não;"R$ 8.270.108,38 declarados como ""Letra Financeira Banco BV S/A"", sem identificação do emissor.";Pedir o CNPJ do emissor e o ISIN. É o mínimo para que qualquer confronto de preço se torne possível.;2026-06
Média;Valor relevante sem emissor identificado;João Pessoa/PB;08.778.326/0001-56;LF-LF002400CE;7771143.69;0.7836633038637072;0.7836633038637072;20;não;"R$ 7.771.143,69 declarados como ""LF-LF002400CE"", sem identificação do emissor.";Pedir o CNPJ do emissor e o ISIN. É o mínimo para que qualquer confronto de preço se torne possível.;2026-06
Média;Valor relevante sem emissor identificado;Santo André/SP;46.522.942/0001-30;Letra Financeira IPCA27 - 25-06-2027;7997240.4;0.7048852206995939;0.7048852206995939;20;não;"R$ 7.997.240,40 declarados como ""Letra Financeira IPCA27 - 25-06-2027"", sem identificação do emissor.";Pedir o CNPJ do emissor e o ISIN. É o mínimo para que qualquer confronto de preço se torne possível.;2026-06
Média;Valor relevante sem emissor identificado;Governo do Estado de Pernambuco/PE;10.571.982/0001-25;F Letra Financeira IPCA+;7316435.81;0.5423023157266267;2.236498597105582;20;não;"R$ 7.316.435,81 declarados como ""F Letra Financeira IPCA+"", sem identificação do emissor.";Pedir o CNPJ do emissor e o ISIN. É o mínimo para que qualquer confronto de preço se torne possível.;2026-06
Média;Valor relevante sem emissor identificado;Governo do Estado de Pernambuco/PE;10.571.982/0001-25;F Letra Financeira IPCA++;7299866.57;0.5410741853288245;2.236498597105582;20;não;"R$ 7.299.866,57 declarados como ""F Letra Financeira IPCA++"", sem identificação do emissor.";Pedir o CNPJ do emissor e o ISIN. É o mínimo para que qualquer confronto de preço se torne possível.;2026-06
Média;Valor relevante sem emissor identificado;Itu/SP;46.634.440/0001-00;LF PRE;6135593.88;0.5223963933308416;1.035343772831335;20;não;"R$ 6.135.593,88 declarados como ""LF PRE"", sem identificação do emissor.";Pedir o CNPJ do emissor e o ISIN. É o mínimo para que qualquer confronto de preço se torne possível.;2026-06
Média;Valor relevante sem emissor identificado;Itu/SP;46.634.440/0001-00;LF IPCA;6024614.34;0.5129473795004941;1.035343772831335;20;não;"R$ 6.024.614,34 declarados como ""LF IPCA"", sem identificação do emissor.";Pedir o CNPJ do emissor e o ISIN. É o mínimo para que qualquer confronto de preço se torne possível.;2026-06
Média;Valor relevante sem emissor identificado;Governo do Estado de Pernambuco/PE;10.571.982/0001-25;F Letra Financeira IPCA++++;6046428.82;0.4481679927377392;2.236498597105582;20;não;"R$ 6.046.428,82 declarados como ""F Letra Financeira IPCA++++"", sem identificação do emissor.";Pedir o CNPJ do emissor e o ISIN. É o mínimo para que qualquer confronto de preço se torne possível.;2026-06
Baixa;Declaração truncada;Congonhas/MG;16.752.446/0001-02;tivos Finan Emit por Inst Finananceira LF BTG PAC;30050392.73;4.581797802919879;8.710257933192905;20;não;"O nome do ativo começa no meio da palavra: ""tivos Finan Emit por Inst Finananceira LF BTG PAC"".";Verificar se o campo foi cortado no preenchimento e obter a descrição completa do papel.;2026-06
Baixa;Declaração truncada;Congonhas/MG;16.752.446/0001-02;tivos Finan Emit por Inst Finan LF BTG PAC2033;14525056.3;2.214642305695668;8.710257933192905;20;não;"O nome do ativo começa no meio da palavra: ""tivos Finan Emit por Inst Finan LF BTG PAC2033"".";Verificar se o campo foi cortado no preenchimento e obter a descrição completa do papel.;2026-06
Baixa;Declaração truncada;Congonhas/MG;16.752.446/0001-02;tivos Finan Emit por Inst Finan LF BTG PAC2032;12552054.83;1.913817824577358;8.710257933192905;20;não;"O nome do ativo começa no meio da palavra: ""tivos Finan Emit por Inst Finan LF BTG PAC2032"".";Verificar se o campo foi cortado no preenchimento e obter a descrição completa do papel.;2026-06
Baixa;Declaração truncada;Congonhas/MG;16.752.446/0001-02;tivos Finan Emit por Inst Finan LF 2034;0;0;8.710257933192905;20;não;"O nome do ativo começa no meio da palavra: ""tivos Finan Emit por Inst Finan LF 2034"".";Verificar se o campo foi cortado no preenchimento e obter a descrição completa do papel.;2026-06
