Pontos_a_Verificar;O_Que_Olhar;RPPS;RPPS_CNPJ;Declarado_no_DAIR;Valor_RS;Perc_da_Carteira;Carteira_do_RPPS_RS;Total_em_LF_Direta_RS;Perc_da_Carteira_em_LF_Direta;Classe_no_DAIR;Perc_da_Classe;Teto_da_Classe;Excede_o_Teto;Folga_ate_o_Teto;Competencia_DAIR
2;"um papel com 11.4% da carteira; declaração truncada";São José dos Pinhais/PR;76.105.543/0001-35;nvest em Letra Financeira da CEF IPCA + 6 31%;248673036.06;11.44210085839514;2173316239.19;248673036.06;11.44210085839514;Ativos Renda Fixa com obrigação de IF  Art. 7° VI;11.44;20;não;8.56;2026-06
2;"um papel com 7.9% da carteira; texto não nomeia o emissor";Campos dos Goytacazes/RJ;29.116.894/0001-61;FSN LFSN25008SP;50336581.09;7.948289091358895;633300833.8200002;50336581.09;7.948289091358895;Ativos Renda Fixa com obrigação de IF  Art. 7° VI;16.21;20;não;3.79;2026-06
2;"um papel com 5.3% da carteira; texto não nomeia o emissor";Catanduva/SP;45.122.603/0001-02;quisiçao LF SENIOR 10 anos;28877479.07;5.299920618226062;544866256.5;28877479.07;5.299920618226062;Ativos Renda Fixa com obrigação de IF  Art. 7° VI;14.66;20;não;5.34;2026-06
2;"um papel com 5.0% da carteira; texto não nomeia o emissor";Igaratinga/MG;18.313.825/0001-21;Letra Financeira - 14/08/2025;2202918.88;5.039437221593868;43713589.1;5190441.81;11.87374891163993;Ativos Renda Fixa com obrigação de IF  Art. 7° VI;14.44;20;não;5.56;2026-06
2;"declaração truncada; texto não nomeia o emissor";Mairiporã/SP;46.523.163/0001-50;etra Financeira LF-002500OL1;5447984.22;1.648366432083654;330508078.42;5447984.22;1.648366432083654;Ativos Renda Fixa com obrigação de IF  Art. 7° VI;7.74;20;não;12.26;2026-06
2;"declaração truncada; texto não nomeia o emissor";Congonhas/MG;16.752.446/0001-02;tivos Finan Emit por Inst Finan LF 2034;0;0;655864663.2299999;57127503.86;8.710257933192905;Ativos Renda Fixa com obrigação de IF  Art. 7° VI;14.84;20;não;5.16;2026-06
1;um papel com 8.5% da carteira;Taió/SC;82.765.488/0001-02;LFSN22009R3 BANCO BTG PACTUAL S A;8095481.16;8.527502918172956;94933783.52000004;8095481.16;8.527502918172956;Ativos Renda Fixa com obrigação de IF  Art. 7° VI;14.38;20;não;5.62;2026-06
1;um papel com 7.1% da carteira;Guia Lopes da Laguna/MS;03.403.896/0001-48;LF BANCO BRADESCO (IPCA + CUPOM);1270508.03;7.094585136037596;17908137.06;1270508.03;7.094585136037596;Ativos Renda Fixa com obrigação de IF  Art. 7° VI;7.09;20;não;12.91;2026-06
1;um papel com 6.7% da carteira;Ceará-Mirim/RN;08.004.061/0001-39;LF BRADESCO IPCA;12245000.47;6.738232751807437;181724213.47;12245000.47;6.738232751807437;Ativos Renda Fixa com obrigação de IF  Art. 7° VI;6.74;20;não;13.26;2026-06
1;um papel com 6.6% da carteira;Senador Canedo/GO;25.107.525/0001-51;LF BTG PACTUAL IPCA;46080527.57;6.580569438701531;700251368.81;86312808.56;12.32597498619376;Ativos Renda Fixa com obrigação de IF  Art. 7° VI;16.43;20;não;3.57;2026-06
1;um papel com 5.7% da carteira;Senador Canedo/GO;25.107.525/0001-51;LF BANCO DAYCOVAL IPCA;40232280.99;5.745405547492228;700251368.81;86312808.56;12.32597498619376;Ativos Renda Fixa com obrigação de IF  Art. 7° VI;16.43;20;não;3.57;2026-06
1;um papel com 5.7% da carteira;Diamantina/MG;17.754.136/0001-90;Letra Financeira - SANTANDER 25/09/2025;6665665.92;5.67112132936818;117537000.76;8368514.84;7.119898232802243;Ativos Renda Fixa com obrigação de IF  Art. 7° VI;7.12;20;não;12.88;2026-06
1;texto não nomeia o emissor;Bom Despacho/MG;18.301.002/0001-86;Letra Financeira - 15/08/2025;3613387.66;4.759088641138092;75926042.41;9315165.370000001;12.26873556730138;Ativos Renda Fixa com obrigação de IF  Art. 7° VI;18.04;20;não;1.96;2026-06
1;declaração truncada;Congonhas/MG;16.752.446/0001-02;tivos Finan Emit por Inst Finananceira LF BTG PAC;30050392.73;4.581797802919879;655864663.2299999;57127503.86;8.710257933192905;Ativos Renda Fixa com obrigação de IF  Art. 7° VI;14.84;20;não;5.16;2026-06
1;texto não nomeia o emissor;Bom Despacho/MG;18.301.002/0001-86;LF;3347349.32;4.408697218701775;75926042.41;9315165.370000001;12.26873556730138;Ativos Renda Fixa com obrigação de IF  Art. 7° VI;18.04;20;não;1.96;2026-06
1;texto não nomeia o emissor;Bom Despacho/MG;18.301.002/0001-86;Letra Financeira - 19/09/2025;2354428.39;3.100949707461514;75926042.41;9315165.370000001;12.26873556730138;Ativos Renda Fixa com obrigação de IF  Art. 7° VI;18.04;20;não;1.96;2026-06
1;declaração truncada;Congonhas/MG;16.752.446/0001-02;tivos Finan Emit por Inst Finan LF BTG PAC2033;14525056.3;2.214642305695668;655864663.2299999;57127503.86;8.710257933192905;Ativos Renda Fixa com obrigação de IF  Art. 7° VI;14.84;20;não;5.16;2026-06
1;declaração truncada;Congonhas/MG;16.752.446/0001-02;tivos Finan Emit por Inst Finan LF BTG PAC2032;12552054.83;1.913817824577358;655864663.2299999;57127503.86;8.710257933192905;Ativos Renda Fixa com obrigação de IF  Art. 7° VI;14.84;20;não;5.16;2026-06
1;texto não nomeia o emissor;Igaratinga/MG;18.313.825/0001-21;Letra Financeira - 15/05/2025;792515.4;1.812972616334539;43713589.1;5190441.81;11.87374891163993;Ativos Renda Fixa com obrigação de IF  Art. 7° VI;14.44;20;não;5.56;2026-06
1;texto não nomeia o emissor;Igaratinga/MG;18.313.825/0001-21;Letra Financeira - 21/12/2026;785488.5;1.796897752328463;43713589.1;5190441.81;11.87374891163993;Ativos Renda Fixa com obrigação de IF  Art. 7° VI;14.44;20;não;5.56;2026-06
1;texto não nomeia o emissor;Pontes e Lacerda/MT;15.023.989/0001-26;ETRA FINANCEIRA LF N° 3689056;2430771.55;1.748854441355775;138992216.4199999;4855807;3.493581960968921;Ativos Renda Fixa com obrigação de IF  Art. 7° VI;3.49;20;não;16.51;2026-06
1;texto não nomeia o emissor;Pontes e Lacerda/MT;15.023.989/0001-26;ETRA FINANCEIRA LF N° 260016951915;2425035.45;1.744727519613146;138992216.4199999;4855807;3.493581960968921;Ativos Renda Fixa com obrigação de IF  Art. 7° VI;3.49;20;não;16.51;2026-06
1;texto não nomeia o emissor;Rolândia/PR;76.288.760/0001-08;LETRA FINANCEIRA 6,56%;6166085.58;1.618777241480266;380910073.4800001;31718877.07;8.327130017911017;Ativos Renda Fixa com obrigação de IF  Art. 7° VI;14.09;20;não;5.91;2026-06
1;texto não nomeia o emissor;Rolândia/PR;76.288.760/0001-08;LETRA FINANCEIRA 6,50%;6160680.67;1.617358295021166;380910073.4800001;31718877.07;8.327130017911017;Ativos Renda Fixa com obrigação de IF  Art. 7° VI;14.09;20;não;5.91;2026-06
1;texto não nomeia o emissor;Rolândia/PR;76.288.760/0001-08;LETRA FINANCEIRA 7,07%;6122364.11;1.607299080873863;380910073.4800001;31718877.07;8.327130017911017;Ativos Renda Fixa com obrigação de IF  Art. 7° VI;14.09;20;não;5.91;2026-06
1;texto não nomeia o emissor;Rolândia/PR;76.288.760/0001-08;LETRA FINANCEIRA 6,48%;5839588.36;1.533062201965265;380910073.4800001;31718877.07;8.327130017911017;Ativos Renda Fixa com obrigação de IF  Art. 7° VI;14.09;20;não;5.91;2026-06
1;texto não nomeia o emissor;Rolândia/PR;76.288.760/0001-08;LETRA FINANCEIRA 6,35%;5827643.24;1.529926259696564;380910073.4800001;31718877.07;8.327130017911017;Ativos Renda Fixa com obrigação de IF  Art. 7° VI;14.09;20;não;5.91;2026-06
1;texto não nomeia o emissor;Osasco/SP;46.523.171/0001-04;ANCO C 6 S/A TÍTULO PRÉFIXADO LF;22069413.9;1.506771574036425;1464682124.37;22069413.9;1.506771574036425;Ativos Renda Fixa com obrigação de IF  Art. 7° VI;13.9;20;não;6.1;2026-06
1;texto não nomeia o emissor;Diamantina/MG;17.754.136/0001-90;LF IPCA+CUPOM;1702848.92;1.448776903434064;117537000.76;8368514.84;7.119898232802243;Ativos Renda Fixa com obrigação de IF  Art. 7° VI;7.12;20;não;12.88;2026-06
1;texto não nomeia o emissor;Igaratinga/MG;18.313.825/0001-21;Letra Financeira - 19/05/2025;526136.14;1.203598585319548;43713589.1;5190441.81;11.87374891163993;Ativos Renda Fixa com obrigação de IF  Art. 7° VI;14.44;20;não;5.56;2026-06
1;texto não nomeia o emissor;Igaratinga/MG;18.313.825/0001-21;Letra Financeira - 04/04/2025;489290.06;1.119308823809207;43713589.1;5190441.81;11.87374891163993;Ativos Renda Fixa com obrigação de IF  Art. 7° VI;14.44;20;não;5.56;2026-06
1;texto não nomeia o emissor;Igaratinga/MG;18.313.825/0001-21;Letra Financeira - 22/11/2024;394092.83;0.9015339122543018;43713589.1;5190441.81;11.87374891163993;Ativos Renda Fixa com obrigação de IF  Art. 7° VI;14.44;20;não;5.56;2026-06
1;texto não nomeia o emissor;Jacareí/SP;46.694.139/0001-83;Letra Financeira Banco BV S/A;8270108.38;0.893346838430482;925744405.6699998;58260725.71;6.293392145085044;Ativos Renda Fixa com obrigação de IF  Art. 7° VI;6.29;20;não;13.71;2026-06
1;texto não nomeia o emissor;Guarantã do Norte/MT;03.239.019/0001-83;ANTANDER LF Nº 260001830613 (SEM LIQUIDEZ);1089671.05;0.8377745136619976;130067342.97;1089671.05;0.8377745136619976;Ativos Renda Fixa com obrigação de IF  Art. 7° VI;2.97;20;não;17.03;2026-06
1;texto não nomeia o emissor;João Pessoa/PB;08.778.326/0001-56;LF-LF002400CE;7771143.69;0.7836633038637072;991643177.8399998;7771143.69;0.7836633038637072;Ativos Renda Fixa com obrigação de IF  Art. 7° VI;4.69;20;não;15.31;2026-06
1;texto não nomeia o emissor;Santo André/SP;46.522.942/0001-30;Letra Financeira IPCA27 - 25-06-2027;7997240.4;0.7048852206995939;1134545052.89;7997240.4;0.7048852206995939;Ativos Renda Fixa com obrigação de IF  Art. 7° VI;10.98;20;não;9.02;2026-06
1;texto não nomeia o emissor;Sabará/MG;18.715.441/0001-35;Letra Financeira - 29/07/2025;1917572.24;0.6046410472141279;317142253.0500001;1917572.24;0.6046410472141279;Ativos Renda Fixa com obrigação de IF  Art. 7° VI;2.28;20;não;17.72;2026-06
1;texto não nomeia o emissor;Governo do Estado de Pernambuco/PE;10.571.982/0001-25;F Letra Financeira IPCA+;7316435.81;0.5423023157266267;1349143383.28;30173572.84;2.236498597105582;Ativos Renda Fixa com obrigação de IF  Art. 7° VI;4.96;20;não;15.04;2026-06
1;texto não nomeia o emissor;Governo do Estado de Pernambuco/PE;10.571.982/0001-25;F Letra Financeira IPCA++;7299866.57;0.5410741853288245;1349143383.28;30173572.84;2.236498597105582;Ativos Renda Fixa com obrigação de IF  Art. 7° VI;4.96;20;não;15.04;2026-06
1;texto não nomeia o emissor;Itu/SP;46.634.440/0001-00;LF PRE;6135593.88;0.5223963933308416;1174509234.43;12160208.22;1.035343772831335;Ativos Renda Fixa com obrigação de IF  Art. 7° VI;9.61;20;não;10.39;2026-06
1;texto não nomeia o emissor;Itu/SP;46.634.440/0001-00;LF IPCA;6024614.34;0.5129473795004941;1174509234.43;12160208.22;1.035343772831335;Ativos Renda Fixa com obrigação de IF  Art. 7° VI;9.61;20;não;10.39;2026-06
1;texto não nomeia o emissor;Governo do Estado de Pernambuco/PE;10.571.982/0001-25;F Letra Financeira IPCA++++;6046428.82;0.4481679927377392;1349143383.28;30173572.84;2.236498597105582;Ativos Renda Fixa com obrigação de IF  Art. 7° VI;4.96;20;não;15.04;2026-06
1;texto não nomeia o emissor;Medianeira/PR;76.206.481/0001-58;LETRA FINANCEIRA PRÉ TAXA 11,19;764295.93;0.4178250258196043;182922487.35;3702225.56;2.02393134580345;Ativos Renda Fixa com obrigação de IF  Art. 7° VI;8.16;20;não;11.84;2026-06
1;texto não nomeia o emissor;Rio das Ostras/RJ;39.223.581/0001-66;LF BANCO BV;4613705.3;0.4056848088829036;1137263510.73;93243000.81;8.198891455696852;Ativos Renda Fixa com obrigação de IF  Art. 7° VI;8.22;20;não;11.78;2026-06
1;texto não nomeia o emissor;Governo do Estado de Pernambuco/PE;10.571.982/0001-25;F Letra Financeira IPCA+++;4856624.92;0.3599784115008375;1349143383.28;30173572.84;2.236498597105582;Ativos Renda Fixa com obrigação de IF  Art. 7° VI;4.96;20;não;15.04;2026-06
1;texto não nomeia o emissor;Governo do Estado de Pernambuco/PE;10.571.982/0001-25;F Letra Financeira IPCA+*+;4654216.72;0.344975691811555;1349143383.28;30173572.84;2.236498597105582;Ativos Renda Fixa com obrigação de IF  Art. 7° VI;4.96;20;não;15.04;2026-06
1;texto não nomeia o emissor;Caçador/SC;83.074.302/0001-31;LETRA FINANCEIRA;687623.56;0.305171194970822;225323874.3800001;687623.56;0.305171194970822;Ativos Renda Fixa com obrigação de IF  Art. 7° VI;5.5;20;não;14.5;2026-06
1;texto não nomeia o emissor;Rolândia/PR;76.288.760/0001-08;LETRA FINANCEIRA 6,44%;369090.43;0.0968969989761584;380910073.4800001;31718877.07;8.327130017911017;Ativos Renda Fixa com obrigação de IF  Art. 7° VI;14.09;20;não;5.91;2026-06
1;texto não nomeia o emissor;Rolândia/PR;76.288.760/0001-08;LETRA FINANCEIRA 6,43%;369059.01;0.09688875031008536;380910073.4800001;31718877.07;8.327130017911017;Ativos Renda Fixa com obrigação de IF  Art. 7° VI;14.09;20;não;5.91;2026-06
1;texto não nomeia o emissor;Rolândia/PR;76.288.760/0001-08;LETRA FINANCEIRA 6,41%;247789.73;0.06505202861562293;380910073.4800001;31718877.07;8.327130017911017;Ativos Renda Fixa com obrigação de IF  Art. 7° VI;14.09;20;não;5.91;2026-06
1;texto não nomeia o emissor;Rolândia/PR;76.288.760/0001-08;LETRA FINANCEIRA 6,20%;246903.54;0.06481937790310599;380910073.4800001;31718877.07;8.327130017911017;Ativos Renda Fixa com obrigação de IF  Art. 7° VI;14.09;20;não;5.91;2026-06
1;texto não nomeia o emissor;Rolândia/PR;76.288.760/0001-08;LETRA FINANCEIRA 6,55%;184949.91;0.04855474372475762;380910073.4800001;31718877.07;8.327130017911017;Ativos Renda Fixa com obrigação de IF  Art. 7° VI;14.09;20;não;5.91;2026-06
1;texto não nomeia o emissor;Rolândia/PR;76.288.760/0001-08;LETRA FINANCEIRA 6,47%;184722.49;0.04849503934416136;380910073.4800001;31718877.07;8.327130017911017;Ativos Renda Fixa com obrigação de IF  Art. 7° VI;14.09;20;não;5.91;2026-06
1;texto não nomeia o emissor;São João da Barra/RJ;29.116.902/0001-70;RADESCO LF IPCA + CUPOM;0;0;602146214.0399998;0;0;Ativos Renda Fixa com obrigação de IF  Art. 7° VI;0;20;não;20;2026-06
0;;Guarabira/PB;08.785.479/0001-20;LF SANTANDER IPCA;7577057.97;4.237968877581203;178789844.59;10036338.96;5.613483798822737;Ativos Renda Fixa com obrigação de IF  Art. 7° VI;8.44;20;não;11.56;2026-06
0;;Governo do Estado da Paraíba/PB;08.761.124/0001-00;LF BRADESCO IPCA;94421799.67;4.09018029430031;2308499696.25;94421799.67;4.09018029430031;Ativos Renda Fixa com obrigação de IF  Art. 7° VI;11.19;20;não;8.81;2026-06
0;;Goiânia/GO;01.612.092/0001-23;Letra Financeira Banco Daycoval;67420124.5;3.877574462417478;1738719015.03;192112765.25;11.04909784670902;Ativos Renda Fixa com obrigação de IF  Art. 7° VI;18.64;20;não;1.36;2026-06
0;;Maringá/PR;76.282.656/0001-06;LF BTG PACTUAL IPCA;53685539.51;3.789370809056349;1416740198.18;53685539.51;3.789370809056349;Ativos Renda Fixa com obrigação de IF  Art. 7° VI;5.18;20;não;14.82;2026-06
0;;Ivinhema/MS;03.575.875/0001-00;LF BANCO BRADESCO (IPCA + CUPOM);4738757.45;3.67808692589335;128837560;4738757.45;3.67808692589335;Ativos Renda Fixa com obrigação de IF  Art. 7° VI;3.68;20;não;16.32;2026-06
0;;Ouro Preto do Oeste/RO;04.380.507/0001-79;LETRA FINANCEIRA ITAU;5481684.74;3.440253245507778;159339570.34;5481684.74;3.440253245507778;Ativos Renda Fixa com obrigação de IF  Art. 7° VI;3.44;20;não;16.56;2026-06
0;;São Gabriel da Palha/ES;27.174.143/0001-76;LF ITAÚ IPCA;2448798.92;2.768423898848593;88454622.89999998;2448798.92;2.768423898848593;Ativos Renda Fixa com obrigação de IF  Art. 7° VI;8.55;20;não;11.45;2026-06
0;;Vitória/ES;27.142.058/0001-26;LF ITAÚ PRÉ;37785345.49;2.683806245248569;1407901392.17;129746991.35;9.21563058830568;Ativos Renda Fixa com obrigação de IF  Art. 7° VI;9.86;20;não;10.14;2026-06
0;;Rio das Ostras/RJ;39.223.581/0001-66;LF BANCO XP;29494965.03;2.593503154872826;1137263510.73;93243000.81;8.198891455696852;Ativos Renda Fixa com obrigação de IF  Art. 7° VI;8.22;20;não;11.78;2026-06
0;;Jacareí/SP;46.694.139/0001-83;Letra Financeira Banco BTG Pactual S/A;21614428.29;2.334815977025185;925744405.6699998;58260725.71;6.293392145085044;Ativos Renda Fixa com obrigação de IF  Art. 7° VI;6.29;20;não;13.71;2026-06
0;;Vitória/ES;27.142.058/0001-26;LF SANTANDER PRÉ;32457565.6;2.305386284899763;1407901392.17;129746991.35;9.21563058830568;Ativos Renda Fixa com obrigação de IF  Art. 7° VI;9.86;20;não;10.14;2026-06
0;;Vitória/ES;27.142.058/0001-26;LF SAFRA PRÉ;32004695.64;2.273219972506109;1407901392.17;129746991.35;9.21563058830568;Ativos Renda Fixa com obrigação de IF  Art. 7° VI;9.86;20;não;10.14;2026-06
0;;Rio das Ostras/RJ;39.223.581/0001-66;LF BTG;24616165.16;2.164508482664593;1137263510.73;93243000.81;8.198891455696852;Ativos Renda Fixa com obrigação de IF  Art. 7° VI;8.22;20;não;11.78;2026-06
0;;Goiânia/GO;01.612.092/0001-23;Letra Financeira Banco Safra;36875619.32;2.120849832620237;1738719015.03;192112765.25;11.04909784670902;Ativos Renda Fixa com obrigação de IF  Art. 7° VI;18.64;20;não;1.36;2026-06
0;;Camaçari/BA;14.109.763/0001-80;LF BTG PACTUAL IPCA;13238018.62;2.093230324065213;632420544.8300002;13238018.62;2.093230324065213;Ativos Renda Fixa com obrigação de IF  Art. 7° VI;18.18;20;não;1.82;2026-06
0;;Vitória/ES;27.142.058/0001-26;LF BRADESCO PRÉ;27499384.62;1.953218085651238;1407901392.17;129746991.35;9.21563058830568;Ativos Renda Fixa com obrigação de IF  Art. 7° VI;9.86;20;não;10.14;2026-06
0;;Erechim/RS;87.613.477/0001-20;LF BTG;7911660.9;1.936804149859045;408490497.1199999;24908543.23;6.097704452273407;Ativos Renda Fixa com obrigação de IF  Art. 7° VI;7.09;20;não;12.91;2026-06
0;;Erechim/RS;87.613.477/0001-20;LF SANTANDER;7526012.61;1.842396007510825;408490497.1199999;24908543.23;6.097704452273407;Ativos Renda Fixa com obrigação de IF  Art. 7° VI;7.09;20;não;12.91;2026-06
0;;Goiânia/GO;01.612.092/0001-23;BTG LFSN2300WPT SA 6 42 % a.a;30099133.69;1.73110970949384;1738719015.03;192112765.25;11.04909784670902;Ativos Renda Fixa com obrigação de IF  Art. 7° VI;18.64;20;não;1.36;2026-06
0;;Goiânia/GO;01.612.092/0001-23;Letra Financeira Banco BTG;29199183.39;1.67935032271423;1738719015.03;192112765.25;11.04909784670902;Ativos Renda Fixa com obrigação de IF  Art. 7° VI;18.64;20;não;1.36;2026-06
0;;Goiânia/GO;01.612.092/0001-23;BTG LFSN2300PM9 SA 6 90 % a.a;28518704.35;1.640213519463231;1738719015.03;192112765.25;11.04909784670902;Ativos Renda Fixa com obrigação de IF  Art. 7° VI;18.64;20;não;1.36;2026-06
0;;Jacareí/SP;46.694.139/0001-83;Letra Financeira Banco Bradesco S/A;14314438.01;1.546262437269609;925744405.6699998;58260725.71;6.293392145085044;Ativos Renda Fixa com obrigação de IF  Art. 7° VI;6.29;20;não;13.71;2026-06
0;;Jacareí/SP;46.694.139/0001-83;Letra Financeira Banco Daycoval S/A;14061751.03;1.518966892359768;925744405.6699998;58260725.71;6.293392145085044;Ativos Renda Fixa com obrigação de IF  Art. 7° VI;6.29;20;não;13.71;2026-06
0;;Guarabira/PB;08.785.479/0001-20;LF ITAÚ IPCA [ 26092028 ];2459280.99;1.375514921241534;178789844.59;10036338.96;5.613483798822737;Ativos Renda Fixa com obrigação de IF  Art. 7° VI;8.44;20;não;11.56;2026-06
0;;Cabo de Santo Agostinho/PE;11.294.402/0001-62;LF IPCA+7,14% Banco BTG 21102024;10061208.79;1.294724473007875;777092655.5999999;10061208.79;1.294724473007875;Ativos Renda Fixa com obrigação de IF  Art. 7° VI;13.45;20;não;6.55;2026-06
0;;Erechim/RS;87.613.477/0001-20;LF Bradesco;4951024.26;1.212029238111154;408490497.1199999;24908543.23;6.097704452273407;Ativos Renda Fixa com obrigação de IF  Art. 7° VI;7.09;20;não;12.91;2026-06
0;;Medianeira/PR;76.206.481/0001-58;LETRA FINANCEIRA ITAU;2159751.57;1.180692216297921;182922487.35;3702225.56;2.02393134580345;Ativos Renda Fixa com obrigação de IF  Art. 7° VI;8.16;20;não;11.84;2026-06
0;;Salto Veloso/SC;82.827.353/0001-24;Letra Financeira Bradesco 06/02/2029  IPCA + 6 02;647618.16;1.166958915727528;55496226.24;647618.16;1.166958915727528;Ativos Renda Fixa com obrigação de IF  Art. 7° VI;7.64;20;não;12.36;2026-06
0;;Rio das Ostras/RJ;39.223.581/0001-66;LF Itaú;12716136.23;1.118134549295231;1137263510.73;93243000.81;8.198891455696852;Ativos Renda Fixa com obrigação de IF  Art. 7° VI;8.22;20;não;11.78;2026-06
0;;Rio das Ostras/RJ;39.223.581/0001-66;LF SANTANDER;12706214.67;1.117262142864673;1137263510.73;93243000.81;8.198891455696852;Ativos Renda Fixa com obrigação de IF  Art. 7° VI;8.22;20;não;11.78;2026-06
0;;Erechim/RS;87.613.477/0001-20;LF Itaú;4519845.46;1.106475056792381;408490497.1199999;24908543.23;6.097704452273407;Ativos Renda Fixa com obrigação de IF  Art. 7° VI;7.09;20;não;12.91;2026-06
0;;Chapecó/SC;83.021.808/0001-82;LETRA FINANCEIRA SAFRA;4745291.41;1.044247864267379;454421940.65;4745291.41;1.044247864267379;Ativos Renda Fixa com obrigação de IF  Art. 7° VI;4.12;20;não;15.88;2026-06
0;;Natal/RN;08.241.747/0001-43;LF SANTANDER IPCA;15848417.84;1.02436042357047;1547152493.92;15848417.84;1.02436042357047;Ativos Renda Fixa com obrigação de IF  Art. 7° VI;1.02;20;não;18.98;2026-06
0;;Ipojuca/PE;11.294.386/0001-08;LF BTG PACTUAL IPCA;6971398.93;0.9260315650282904;752825194.4399997;6971398.93;0.9260315650282904;Ativos Renda Fixa com obrigação de IF  Art. 7° VI;8.26;20;não;11.74;2026-06
0;;Telêmaco Borba/PR;76.170.240/0001-04;LF BTG PACTUAL IPCA [ 31082033 ];3727556.19;0.7991069718824493;466465231.9600001;3727556.19;0.7991069718824493;Ativos Renda Fixa com obrigação de IF  Art. 7° VI;10.47;20;não;9.53;2026-06
0;;Rio das Ostras/RJ;39.223.581/0001-66;LF SUBORDINADA BTG;8453087.22;0.7432830773383414;1137263510.73;93243000.81;8.198891455696852;Ativos Renda Fixa com obrigação de IF  Art. 7° VI;8.22;20;não;11.78;2026-06
0;;Santa Luzia/MG;18.715.409/0001-50;Letra Financeira BTG 27/10/2028 - I;1201164.27;0.516553478026413;232534349.5099999;2386822.52;1.02643868530802;Ativos Renda Fixa com obrigação de IF  Art. 7° VI;18.84;20;não;1.16;2026-06
0;;Santa Luzia/MG;18.715.409/0001-50;Letra Financeira BTG 05/12/2028;1185658.25;0.5098852072816071;232534349.5099999;2386822.52;1.02643868530802;Ativos Renda Fixa com obrigação de IF  Art. 7° VI;18.84;20;não;1.16;2026-06
0;;Medianeira/PR;76.206.481/0001-58;LETRA FINANCEIRA DAYCOVAL;778178.06;0.4254141036859238;182922487.35;3702225.56;2.02393134580345;Ativos Renda Fixa com obrigação de IF  Art. 7° VI;8.16;20;não;11.84;2026-06
0;;Rio das Ostras/RJ;39.223.581/0001-66;LF Bradesco;642727.2;0.05651523977828488;1137263510.73;93243000.81;8.198891455696852;Ativos Renda Fixa com obrigação de IF  Art. 7° VI;8.22;20;não;11.78;2026-06
0;;Jacareí/SP;46.694.139/0001-83;Letra Financeira Banco Votorantim S/A;0;0;925744405.6699998;58260725.71;6.293392145085044;Ativos Renda Fixa com obrigação de IF  Art. 7° VI;6.29;20;não;13.71;2026-06
